category,units_sold,orders,products,sellers,revenue,freight,avg_price,avg_review_score,late_delivery_rate,gross_sales_with_freight,revenue_share_pct,cum_revenue_share_pct
health_beauty,9465,8647,2397,479,1233131.72,178957.81,130.28333016376124,4.189729135644899,0.09054410987849974,1412089.53,9.32671706141476,9.32671706141476
watches_gifts,5859,5495,1300,95,1166176.98,98156.14,199.04027649769586,4.071711092003439,0.08277863116572794,1264333.1199999999,8.82030894152584,18.147026002940603
bed_bath_table,10953,9272,2991,189,1023434.76,201774.5,93.43876198301835,3.923968239313083,0.08399525244225327,1225209.26,7.740686807843139,25.887712810783743
sports_leisure,8431,7530,2822,466,954852.55,163404.36,113.25495789348832,4.165492957746479,0.07413118254062388,1118256.9100000001,7.221969417200938,33.10968222798468
computers_accessories,7644,6530,1600,279,888724.61,143999.16,116.26433935112506,3.986461619348055,0.07770800627943485,1032723.77,6.721814749024685,39.831496977009365
furniture_decor,8160,6307,2593,352,711927.6900000001,168402.23,87.24604044117648,3.9537747524752476,0.08431372549019608,880329.92,5.384621954917028,45.216118931926395
housewares,6795,5743,2282,452,615628.69,142763.56,90.60024871228843,4.107904085257549,0.06490066225165562,758392.25,4.656270302185899,49.87238923411229
cool_stuff,3718,3559,770,259,610204.1,81476.79,164.12159763313608,4.194903767958796,0.06750941366325981,691680.89,4.615241744341178,54.487630978453474
auto,4140,3810,1853,371,578966.65,90488.1,139.84701690821257,4.116003903391071,0.08285024154589372,669454.75,4.378979183622937,58.866610162076405
toys,4030,3804,1373,242,471286.48,75774.58,116.94453598014888,4.208927231807952,0.07419354838709677,547061.0599999999,3.5645467410651848,62.43115690314159
garden_tools,4268,3448,725,227,470495.27999999997,96650.4,110.23788191190252,4.084316037735849,0.07966260543580131,567145.6799999999,3.5585625477958787,65.98971945093747
baby,2982,2809,890,240,400421.84,66305.81,134.27962441314554,4.0782358905035485,0.08786049631120053,466727.65,3.0285663293870106,69.01828578032449
perfumery,3340,3086,857,173,390144.65,53026.98,116.8097754491018,4.219735656353259,0.07335329341317365,443171.63,2.9508354254115607,71.96912120573604
telephony,4430,4093,1112,142,309860.23,69342.39,69.94587584650112,3.9943233424159854,0.08329571106094807,379202.62,2.3436090783512578,74.31273028408731
office_furniture,1668,1254,302,30,268154.31,67057.05,160.7639748201439,3.5133010882708584,0.08932853717026379,335211.36,2.0281688789652597,76.34089916305257
stationery,2466,2264,831,172,223788.69,45786.36,90.74967153284672,4.245818033455732,0.08029197080291971,269575.05,1.692612199753209,78.03351136280577
computers,199,177,30,9,218684.14,9665.62,1098.9152763819095,4.219387755102041,0.06532663316582915,228349.76,1.654004245060547,79.68751560786633
pet_shop,1924,1688,710,132,211695.64,38918.56,110.02891891891893,4.216710182767624,0.061330561330561334,250614.2,1.6011471486720954,81.28866275653843
musical_instruments,651,611,279,67,184315.74,17871.38,283.12709677419355,4.221705426356589,0.08602150537634409,202187.12,1.3940609336894574,82.68272369022789
small_appliances,658,609,220,97,182754.12,15354.35,277.74182370820665,4.225114854517611,0.05927051671732523,198108.47,1.382249715421999,84.06497340564988
unknown,1537,1392,584,247,170726.63,26969.06,111.07783344176968,3.9386885245901637,0.0936890045543266,197695.69,1.2912805234292772,85.35625392907916
electronics,2729,2517,507,145,155043.93,45679.159999999996,56.81345914254305,4.067158671586716,0.09747160131916453,200723.09,1.1726653720332452,86.52891930111241
fashion_bags_accessories,1985,1820,829,97,149329.39,30558.9,75.22891183879094,4.1936708860759495,0.062468513853904284,179888.29,1.1294437949286218,87.65836309604104
consoles_games,1089,1018,300,81,148003.37,19094.36,135.90759412304865,4.13855421686747,0.0780532598714417,167097.72999999998,1.1194145229885752,88.7777776190296
construction_tools_construction,916,736,393,123,142108.49,20273.52,155.14027292576418,4.090010976948409,0.08078602620087336,162382.00999999998,1.0748289552189028,89.85260657424851
luggage_accessories,1077,1019,346,73,138701.63,30076.49,128.78517177344474,4.352283317800559,0.05385329619312906,168778.12,1.049061375995613,90.90166795024413
home_appliances_2,231,227,88,45,107953.95,10254.57,467.3331168831169,4.156521739130435,0.06926406926406926,118208.51999999999,0.8165031610022291,91.71817111124635
home_construction,596,483,221,67,81407.57,13614.8,136.58988255033557,3.95777027027027,0.08221476510067115,95022.37000000001,0.6157212240451623,92.33389233529151
home_appliances,754,747,364,48,78832.48,14469.3,104.55236074270556,4.222148246782068,0.06763925729442971,93301.78,0.5962446868284579,92.93013702211998
agro_industry_and_commerce,206,177,71,32,70566.1,5637.2,342.55388349514567,4.087378640776699,0.043689320388349516,76203.3,0.5337224224736511,93.46385944459362
furniture_living_room,495,414,152,55,67350.7,17694.37,136.0620202020202,3.9346938775510205,0.07878787878787878,85045.06999999999,0.5094029393617634,93.97326238395539
home_confort,429,392,111,20,58008.450000000004,8429.77,135.21783216783217,3.8548009367681497,0.10256410256410256,66438.22,0.4387433974378869,94.41200578139326
fixed_telephony,255,212,113,48,55315.21,4501.33,216.92239215686274,3.757936507936508,0.043137254901960784,59816.54,0.41837323985367947,94.83037902124694
air_conditioning,289,246,121,51,53323.56,6530.99,184.5105882352941,4.052816901408451,0.03806228373702422,59854.549999999996,0.40330951573232865,95.23368853697927
audio,362,348,58,36,50570.6,5684.72,139.69779005524862,3.8365921787709496,0.1270718232044199,56255.32,0.3824876695459437,95.61617620652522
small_appliances_home_oven_and_coffee,73,72,30,14,46589.56,2656.34,638.2131506849315,4.438356164383562,0.0684931506849315,49245.899999999994,0.35237731467633204,95.96855352120156
kitchen_dining_laundry_garden_furniture,274,241,92,51,45531.98,11540.99,166.1751094890511,4.033088235294118,0.043795620437956206,57072.97,0.3443783724142589,96.31293189361583
books_general_interest,537,496,207,53,45302.15,8880.39,84.36154562383614,4.512195121951219,0.06517690875232775,54182.54,0.34264006713230166,96.65557196074812
construction_tools_lights,301,242,77,36,39957.0,7490.14,132.74750830564784,4.082191780821918,0.09966777408637874,47447.14,0.30221234891512605,96.95778430966325
construction_tools_safety,183,159,88,33,38773.22,3730.8,211.87551912568307,3.967032967032967,0.0546448087431694,42504.020000000004,0.2932589005982167,97.25104321026149
industry_commerce_and_business,265,232,68,29,38498.81,7580.53,145.27852830188678,4.125954198473282,0.07547169811320754,46079.34,0.2911834171869045,97.54222662744839
food,499,441,79,56,28731.15,7063.53,57.57745490981964,4.262833675564682,0.09819639278557114,35794.68,0.2173063124992573,97.75953293994765
market_place,305,274,99,55,27795.77,5318.61,91.13367213114755,4.072607260726072,0.04262295081967213,33114.38,0.21023162253433922,97.96976456248197
costruction_tools_garden,232,190,86,32,25096.28,5187.66,108.17362068965517,4.116379310344827,0.07327586206896551,30283.94,0.18981419345375528,98.15957875593573
art,197,195,52,33,23657.3,3828.23,120.08781725888325,4.082051282051282,0.07614213197969544,27485.53,0.17893055539679684,98.33850931133253
fashion_shoes,257,235,170,12,23001.46,4813.37,89.49984435797666,4.290513833992095,0.058365758754863814,27814.829999999998,0.17397014928741686,98.51247946061996
drinks,361,287,80,36,21529.84,5441.27,59.6394459833795,4.119113573407202,0.055401662049861494,26971.11,0.1628396405677813,98.67531910118772
signaling_and_security,197,138,91,45,21315.05,6477.54,108.1982233502538,4.091836734693878,0.05583756345177665,27792.59,0.16121508941470472,98.83653419060245
furniture_bedroom,103,90,43,22,19051.8,4327.42,184.96893203883494,4.252427184466019,0.07766990291262135,23379.22,0.14409713514681277,98.98063132574927
books_technical,263,256,122,25,18702.23,4198.84,71.11114068441064,4.3893129770992365,0.11026615969581749,22901.07,0.14145318362867426,99.12208450937794
costruction_tools_tools,103,97,39,24,15903.95,2030.22,154.40728155339806,4.444444444444445,0.05825242718446602,17934.170000000002,0.12028856236776334,99.2423730717457
food_drink,269,221,99,32,14942.88,4394.89,55.54973977695167,4.366171003717472,0.06319702602230483,19337.77,0.11301956764413891,99.35539263938985
fashion_male_clothing,125,106,89,12,10452.33,2062.62,83.61864,3.7580645161290325,0.056,12514.95,0.07905556475551316,99.43444820414535
fashion_underwear_beach,127,117,52,9,9305.95,1854.07,73.27519685039371,4.0476190476190474,0.12598425196850394,11160.02,0.07038498907292133,99.50483319321827
christmas_supplies,150,125,63,16,8737.84,3190.91,58.25226666666667,4.06993006993007,0.12,11928.75,0.0660881235038803,99.57092131672215
tablets_printing_image,83,79,9,6,7528.41,1226.2,90.70373493975903,4.1234567901234565,0.07228915662650602,8754.61,0.056940672965841384,99.627861989688
cine_photo,70,63,26,13,6674.47,1227.71,95.34957142857144,4.285714285714286,0.07142857142857142,7902.18,0.050481949507308894,99.67834393919532
music,38,38,27,19,6034.35,690.51,158.79868421052632,4.2105263157894735,0.07894736842105263,6724.860000000001,0.04564044066561531,99.72398437986092
dvds_blu_ray,61,56,46,10,4542.59,1227.25,74.46868852459016,4.180327868852459,0.06557377049180328,5769.84,0.034357604276055824,99.75834198413698
party_supplies,42,38,25,11,4465.1900000000005,820.19,106.31404761904763,3.8333333333333335,0.047619047619047616,5285.380000000001,0.033772194064928096,99.7921141782019
books_imported,57,50,30,6,4418.86,732.08,77.5238596491228,4.508771929824562,0.03508771929824561,5150.94,0.03342177991658767,99.82553595811848
furniture_mattress_and_upholstery,37,37,10,5,4323.38,1581.37,116.84810810810811,3.891891891891892,0.13513513513513514,5904.75,0.03269962272074174,99.85823558083922
portateis_cozinha_e_preparadores_de_alimentos,14,13,9,5,3933.63,294.42,280.97357142857146,3.4285714285714284,0.07142857142857142,4228.05,0.029751772206697384,99.88798735304594
fashio_female_clothing,45,36,26,10,2634.94,583.5,58.55422222222222,3.933333333333333,0.06666666666666667,3218.44,0.019929209066006513,99.90791656211194
fashion_sport,29,26,19,10,2094.52,563.03,72.2248275862069,4.344827586206897,0.06896551724137931,2657.55,0.015841775134512345,99.92375833724645
la_cuisine,14,13,10,2,2054.99,333.55,146.785,4.0,0.0,2388.54,0.015542792374229668,99.93930112962069
arts_and_craftmanship,24,23,19,13,1814.01,370.13,75.58375,4.125,0.08333333333333333,2184.14,0.013720154742736636,99.95302128436342
diapers_and_hygiene,37,25,11,7,1500.79,545.4,40.56189189189189,3.3783783783783785,0.02702702702702703,2046.19,0.011351134247524389,99.96437241861094
pc_gamer,8,7,2,2,1306.95,123.14999999999999,163.36875,3.625,0.0,1430.1000000000001,0.009885037150302175,99.97425745576123
flowers,33,29,14,3,1110.04,488.87,33.63757575757575,4.419354838709677,0.030303030303030304,1598.9099999999999,0.008395720294059777,99.98265317605528
home_comfort_2,30,24,5,4,760.27,410.31,25.342333333333332,3.6296296296296298,0.16666666666666666,1170.58,0.0057502560880372125,99.98840343214331
cds_dvds_musicals,14,12,1,1,730.0,224.98999999999998,52.142857142857146,4.642857142857143,0.0,954.99,0.005521310776786095,99.9939247429201
fashion_childrens_clothes,7,7,4,3,519.95,78.72,74.27857142857144,5.0,0.0,598.6700000000001,0.003932610326561549,99.99785735324666
security_and_services,2,2,2,2,283.28999999999996,41.22,141.64499999999998,2.5,0.0,324.51,0.0021426467533640177,100.00000000000003
