CustomerID,Recency,Frequency,Monetary,R_Score,F_Score,M_Score,RFM_Score,Segment
33e2ec99a0b818a86def54a73031892a,201,1,229.9,4,2,5,425,Potential Loyalists
33e608856217dd0b34bf69e313470406,50,1,54.9,5,2,3,523,Potential Loyalists
34115d5fc0c83f38f79c68c8edcdc1dc,118,1,109.9,4,2,4,424,Potential Loyalists
3411eba8bec9143a5c999f80226aaa5e,177,1,116.0,4,2,4,424,Potential Loyalists
341b6946aa6278284d3986112c43def4,128,1,0.0,4,2,1,421,Potential Loyalists
3438b8441c857ae2e12fb185b58ec074,142,1,0.0,4,2,1,421,Potential Loyalists
3442a61b2d5bfd9d605d6943701ad650,179,1,416.5,4,2,5,425,Potential Loyalists
346d91f707ed77bbedd42a739ac519a3,70,1,59.9,5,2,3,523,Potential Loyalists
3489a2afde268cc8e832c33bbd7261d5,138,1,0.0,4,2,1,421,Potential Loyalists
34aac96d64fc005f6a378efdae534788,65,1,0.0,5,2,1,521,Potential Loyalists
34c13cd5451e9a2b8dcd0a2260ad631b,50,1,0.0,5,2,1,521,Potential Loyalists
34ff67eb3466a779b2f6b6fd56a3b953,112,1,2749.65,5,2,5,525,Potential Loyalists
35049c7d85f6a53ad59d8cd5d3f8d134,103,1,152.9,5,2,5,525,Potential Loyalists
35052a34c8cddade15549afde5580e83,79,1,0.0,5,2,1,521,Potential Loyalists
350b4f552289d46cd2a225f9a5f9d869,54,1,459.8,5,2,5,525,Potential Loyalists
351853efbf1da247efad7b002971072d,147,1,59.9,4,2,3,423,Potential Loyalists
352fd235c6e516d78f7481b9dae3eead,72,1,51.9,5,2,3,523,Potential Loyalists
3584499f418a3d1561146c07564c3ee4,57,1,252.9,5,2,5,525,Potential Loyalists
3589e93cbd610abc00e2714461fef0f2,148,1,499.99,4,2,5,425,Potential Loyalists
35aabace9e8c8f00fad6099760de33e0,174,1,55.989999999999995,4,2,3,423,Potential Loyalists
35b232d8a3c40f27db7019d55ea2d1ec,173,1,31.92,4,2,2,422,Potential Loyalists
35e3c2132cca0d7615fd5192aecb2c3d,100,1,13.49,5,2,2,522,Potential Loyalists
35e410adc25fe96c55082bd4bb2daba2,94,1,129.99,5,2,4,524,Potential Loyalists
3603d5e336b125a3f5f659a1252a29c3,119,1,189.9,4,2,5,425,Potential Loyalists
362f74c1d6e7015625b8464d05a8a149,51,1,69.9,5,2,3,523,Potential Loyalists
3655eeed8edb6b61ad8522a4a0e60391,39,1,99.99,5,2,4,524,Potential Loyalists
366122ec4e27dba7770f9913cf5931c2,187,1,55.9,4,2,3,423,Potential Loyalists
367fc5ad9ae8b1638ba859dd2728df79,126,1,34.99,4,2,2,422,Potential Loyalists
368dd77e48ff41c5a1a9d0c2d942c1eb,76,1,238.0,5,2,5,525,Potential Loyalists
36acff9ce2bc2f3456d427eb0200a8aa,126,1,0.0,4,2,1,421,Potential Loyalists
36b070a7ce61be43443f1f608fa56201,39,1,29.9,5,2,2,522,Potential Loyalists
36cb18374cd2f3eb0394ecde34691a9d,105,1,99.4,5,2,4,524,Potential Loyalists
36e06ca722231b14a75e6a33ffaa5f37,85,1,0.0,5,2,1,521,Potential Loyalists
36f9e46454f8819f18b8cc1694c21a62,160,1,129.79,4,2,4,424,Potential Loyalists
36fecee96b47a599e59f6ac3565b1fab,100,1,196.0,5,2,5,525,Potential Loyalists
371e3bf1adb3cd4edd421e32c7a2af97,30,1,0.0,5,2,1,521,Potential Loyalists
372b41e8faa2819e0b6346b16cdf402b,57,1,12.88,5,2,2,522,Potential Loyalists
372e0fc66eacb8698e4f9997d366d961,126,1,69.9,4,2,3,423,Potential Loyalists
374f6f36f49399403bb170eb8d4cd468,38,1,69.9,5,2,3,523,Potential Loyalists
3757a77ec62fb507d2eb804bfabb857b,169,1,29.99,4,2,2,422,Potential Loyalists
37669671d35808111ab0d229e546221f,160,1,0.0,4,2,1,421,Potential Loyalists
376c6321c9b503efcd9614adb8cc0d30,40,1,49.7,5,2,3,523,Potential Loyalists
3798afca0bdbf833d43d27ba3211d3a5,102,1,19.9,5,2,2,522,Potential Loyalists
3798f7b8f9b84c2789776972b9b5ec3d,189,1,0.0,4,2,1,421,Potential Loyalists
37a7034bb342bbbebdc03187fe8720ed,130,1,55.99,4,2,3,423,Potential Loyalists
37ae7c58b4be022ce76874059d56d998,93,1,0.0,5,2,1,521,Potential Loyalists
37c5cbc68741d25ca4684812ec24649f,145,1,69.9,4,2,3,423,Potential Loyalists
37cef7fb8127b7b3f4810de5942df2cd,95,1,78.0,5,2,3,523,Potential Loyalists
37d3dfcbb848287358251bcb27953cbc,190,1,0.0,4,2,1,421,Potential Loyalists
37e17edc107a2e3feecf9514f555b5c3,50,1,105.0,5,2,4,524,Potential Loyalists
37fbcc2dc516c4c9e5201a938d5e8f3c,88,1,34.9,5,2,2,522,Potential Loyalists
3809587a22b5a1a56b173ac0ed0e9e7d,129,1,89.0,4,2,3,423,Potential Loyalists
380cd2b51f97af9b87d23c91e8388482,165,1,142.0,4,2,4,424,Potential Loyalists
381a91201a6359179846a3e9742fe9be,199,1,81.0,4,2,3,423,Potential Loyalists
384a8e41b65b0f4bb086437412842c1c,129,1,94.99,4,2,4,424,Potential Loyalists
384ffc528dd30fd49eff3dda9f00ce86,146,1,48.9,4,2,2,422,Potential Loyalists
385c9b924a87df624e37ece47e89cbe9,102,1,0.0,5,2,1,521,Potential Loyalists
387a2c73644bd2b3b3e919bc4b4baee4,66,1,19.9,5,2,2,522,Potential Loyalists
3880e5d2f60f032c3cb60de95f5d952a,101,1,89.9,5,2,4,524,Potential Loyalists
3892c318bc9b3bd1569c043e9a18c8a8,117,1,37.0,4,2,2,422,Potential Loyalists
38db00b16cca3306392a0651a9a6b21c,141,1,99.49,4,2,4,424,Potential Loyalists
38e9ba7e543c33ae95a697ed2566dc00,168,1,64.9,4,2,3,423,Potential Loyalists
38eb5d4dcd39b971746632c47a4eb123,65,1,110.32,5,2,4,524,Potential Loyalists
391d6062da3dd65b4de4524f28c478de,42,1,0.0,5,2,1,521,Potential Loyalists
393c2ace23a135d0bcc7e70167448e16,63,1,145.9,5,2,4,524,Potential Loyalists
39406d5888ebe67839dc26b348c0d12f,57,1,18.9,5,2,2,522,Potential Loyalists
394b2ce444baae9ae609f5d32000de0f,47,1,0.0,5,2,1,521,Potential Loyalists
394f968dcd74016bb253218cc54efc04,82,1,31.0,5,2,2,522,Potential Loyalists
39669467dedbe4a650046a0ec8859aae,130,1,500.0,4,2,5,425,Potential Loyalists
396e89f9a8b20de569b4f649539028db,189,1,299.0,4,2,5,425,Potential Loyalists
397567bb88c56e494c4b4173b676266e,31,1,122.99,5,2,4,524,Potential Loyalists
3989cfd14391b8644422c0b34a5d3939,123,1,289.0,4,2,5,425,Potential Loyalists
39904c3df1113ce1f1eeef9746ddb249,24,1,14.99,5,2,2,522,Potential Loyalists
39a225d51e4e310f48caeee5f5579a35,173,1,0.0,4,2,1,421,Potential Loyalists
39a4355f6aa228bdd1dfbc642952aec3,184,1,125.0,4,2,4,424,Potential Loyalists
39b449c603f6d61c8c085ad3843d9298,133,1,109.9,4,2,4,424,Potential Loyalists
39d130b9509b4e9f0f5740fdf1efd679,69,1,0.0,5,2,1,521,Potential Loyalists
39d9d84ec70ae8203797be420f4d9427,111,1,699.99,5,2,5,525,Potential Loyalists
39e16ad9a306c8729696f7732acde86f,47,1,292.37,5,2,5,525,Potential Loyalists
3a03c18e57b25beb04fab567f3a38153,39,1,0.0,5,2,1,521,Potential Loyalists
3a1a5bba121ea1fc98060d58d3c812de,83,1,14.9,5,2,2,522,Potential Loyalists
3a3cb373edfed9973ae634f8ef6084ed,189,1,279.0,4,2,5,425,Potential Loyalists
3a4b5e843a09cdf9127f43e157966016,131,1,44.9,4,2,2,422,Potential Loyalists
3a5a79efb563dc2615fa9f92706c8133,108,1,8.99,5,2,1,521,Potential Loyalists
3a653a41f6f9fc3d2a113cf8398680e8,44,1,159.9,5,2,5,525,Potential Loyalists
3a6bdbb79e6f1c8a32976584c0bfd5a3,35,1,49.0,5,2,3,523,Potential Loyalists
3ab2f8203c5f8d73a1260109eb82eb20,39,1,1240.0,5,2,5,525,Potential Loyalists
3abf2523709d41f3b0138931a1b7c0cc,112,1,38.0,5,2,2,522,Potential Loyalists
3ac7a309b670de83219c488edd4faa72,126,1,71.0,4,2,3,423,Potential Loyalists
3ac85ec3c4d4071a896eb175c9c2e495,153,1,0.0,4,2,1,421,Potential Loyalists
3acf448d2e4314d2dc51be31606767d6,65,1,254.0,5,2,5,525,Potential Loyalists
3ae06873cba30f3c3707165c58ae6f35,186,1,69.9,4,2,3,423,Potential Loyalists
3ae383d89ca3d362ef616a364c3e94fb,151,1,195.0,4,2,5,425,Potential Loyalists
3ae4609bbfef1141b4e343f263c4b793,132,1,29.99,4,2,2,422,Potential Loyalists
3aed251d495c517cb52760baa9b4ce0f,127,1,79.9,4,2,3,423,Potential Loyalists
3af098c2986aaecf3d007bd04c4218c8,87,1,124.9,5,2,4,524,Potential Loyalists
3b004ab5868135f9bf80876b2070a016,107,1,0.0,5,2,1,521,Potential Loyalists
3b0777b4115e9b40426db87ddf80903f,128,1,77.99,4,2,3,423,Potential Loyalists
3b1e4f4bcff27703174c882bd33a099a,135,1,99.0,4,2,4,424,Potential Loyalists
3b417a96c3b138726b580e012fe23f33,132,1,14.4,4,2,2,422,Potential Loyalists
3b572bb8915409b6023b2b72973d942d,97,1,109.8,5,2,4,524,Potential Loyalists
3b74d8b3502e3c66e17463cafb35b89f,59,1,1190.0,5,2,5,525,Potential Loyalists
3b81f91785d9ea36cf5177991962baba,124,1,0.0,4,2,1,421,Potential Loyalists
3b8bd7043b1c683055e5f4ee7907c607,172,1,0.0,4,2,1,421,Potential Loyalists
3b97119ab53db4ae0144dff13c2ee26b,107,1,0.0,5,2,1,521,Potential Loyalists
3b9de7fdd14fc3a254f14c1e28f236e4,149,1,120.0,4,2,4,424,Potential Loyalists
3bd08ce268152ada1de9eccd7d7e0911,201,1,89.9,4,2,4,424,Potential Loyalists
3be6efa57f52f871582d516717da77d0,94,1,47.33,5,2,2,522,Potential Loyalists
3bf5a7cbb004806cd6c8955f1b116703,170,1,34.9,4,2,2,422,Potential Loyalists
3bf80ff2a823018c425de5658057cc5d,80,1,119.0,5,2,4,524,Potential Loyalists
3bf9a44ef770ac450177ebc53c1445e0,47,1,59.99,5,2,3,523,Potential Loyalists
3c0402bcc3ec3b33fc4430eb6c08720a,68,1,0.0,5,2,1,521,Potential Loyalists
3c5cc98c5d66e9df468a1149cea5db2f,136,1,659.7,4,2,5,425,Potential Loyalists
3c5e1130694632f44051b23fd86ad9e2,158,1,299.0,4,2,5,425,Potential Loyalists
3ca06f660aba198ce035bbc3f525eeab,126,1,0.0,4,2,1,421,Potential Loyalists
3cba4ab951d8cbc4e3d814ac1d7d6402,104,1,110.0,5,2,4,524,Potential Loyalists
3cc9ea3ffe189981b9a8b2b92b99271b,80,1,49.0,5,2,3,523,Potential Loyalists
3cd8a4523dd9a286b3d3d6ab7d7f6f16,136,1,104.9,4,2,4,424,Potential Loyalists
3cdb33be843c8a89687a70a43deeb1a7,170,1,54.4,4,2,3,423,Potential Loyalists
3cedce8d574ecec6c8043a8cf200d19d,46,1,66.99,5,2,3,523,Potential Loyalists
3cf14101fc0207e827130e8fdfc0da25,141,1,72.0,4,2,3,423,Potential Loyalists
3d1b3afea75cda0162624725b2f53148,94,1,0.0,5,2,1,521,Potential Loyalists
3d304df5973262bf91bd0d197571e4b9,84,1,101.4,5,2,4,524,Potential Loyalists
3d5af65316fc29ef1244b3e8fc395e0a,101,1,0.0,5,2,1,521,Potential Loyalists
3d5e14abd47ad7ae589af619b8d2489e,44,1,59.9,5,2,3,523,Potential Loyalists
3d5fe73f9b69a86cd2a719a049e42da2,128,1,750.0,4,2,5,425,Potential Loyalists
3d60317a015d799b113f98ee908fd655,122,1,39.0,4,2,2,422,Potential Loyalists
3d7fe6a6e4aa8a04666ba8b541209cff,134,1,0.0,4,2,1,421,Potential Loyalists
3d850129935d047bc6fc1fed1022641a,178,1,61.99,4,2,3,423,Potential Loyalists
3d8a51057b28b7b5172c8bc46cb6a7f5,60,1,0.0,5,2,1,521,Potential Loyalists
3d8ea4321fc67d4386e0f40f26584a02,188,1,109.9,4,2,4,424,Potential Loyalists
3d9eefabcc18173795e8cdb0b5644386,94,1,29.9,5,2,2,522,Potential Loyalists
3d9f7bdb0b7ba4c2373ecd9a8bcf5574,140,1,99.9,4,2,4,424,Potential Loyalists
3da6aa0af0352042b86a7fb507c0ff74,188,1,94.9,4,2,4,424,Potential Loyalists
3dac8a5eb348589998102dcddf3bb259,69,1,55.0,5,2,3,523,Potential Loyalists
3db3c93c3b1b7e297d823753b18e1faa,172,1,11.6,4,2,2,422,Potential Loyalists
3deefd795808c47f79519d9461a5cbe4,56,1,139.8,5,2,4,524,Potential Loyalists
3df4899f61ce017d60b180c1dedc278e,123,1,34.99,4,2,2,422,Potential Loyalists
3e026dabdf68f6b9957ed741f364f1be,76,1,119.8,5,2,4,524,Potential Loyalists
3e34c4d5834e6206ef8e4a5d4343f7ee,68,1,52.9,5,2,3,523,Potential Loyalists
3e36d59a55c36aeb0c4c974c3c506246,34,1,39.0,5,2,2,522,Potential Loyalists
3e4d0419daf434e0d8bcb9fcbc9b0f3d,65,1,99.9,5,2,4,524,Potential Loyalists
3e4ef963d1c04ababbd4cf03c4d034a6,93,1,91.8,5,2,4,524,Potential Loyalists
3e4f7d082101e1bb55fe8a7115049625,141,1,105.25,4,2,4,424,Potential Loyalists
3eb3fa840d4e664cfb1aaed1112df226,174,1,34.36,4,2,2,422,Potential Loyalists
3ed766ba830792bcc9ad889d2607eab7,197,1,59.9,4,2,3,423,Potential Loyalists
3edcab192482e9871c17b34cf98c3996,73,1,118.7,5,2,4,524,Potential Loyalists
3eebbd3c1444c745692459cca841462b,162,1,129.0,4,2,4,424,Potential Loyalists
3eec5203b4af0fbcf6cac3498538cb86,202,1,0.0,4,2,1,421,Potential Loyalists
3efe4df288340c55425041192e0badf1,55,1,110.32,5,2,4,524,Potential Loyalists
3efe8677ea2d8eb0634c53ff5812f75a,59,1,0.0,5,2,1,521,Potential Loyalists
3eff47149425984172e11e18a974e80e,177,1,19.99,4,2,2,422,Potential Loyalists
3f0f963ff7f96b36e1739a44f2fa0a72,65,1,49.9,5,2,3,523,Potential Loyalists
3f1ae9854823f7c0a8027bd994b2ce64,170,1,139.8,4,2,4,424,Potential Loyalists
3f39d2ea588a0e5899aaa6b6418d3d05,43,1,115.98,5,2,4,524,Potential Loyalists
3f51ff993f1cf25a9101463bf5ebe6b1,200,1,200.99,4,2,5,425,Potential Loyalists
3f59da3cb710cc2853609980e1b820d3,55,1,114.9,5,2,4,524,Potential Loyalists
3f6930582cac6bec9a9533a44e00b69b,104,1,37.9,5,2,2,522,Potential Loyalists
3f8f42bd3277d3483aafe9b39cf930a1,105,1,141.4,5,2,4,524,Potential Loyalists
3fbdb765b8e1d5608f2621ef4b8ab863,33,1,44.9,5,2,2,522,Potential Loyalists
3ff2cd81fc957790d81d52be091615c3,132,1,264.0,4,2,5,425,Potential Loyalists
40386918bff25787189628d04176f7bb,183,1,149.9,4,2,4,424,Potential Loyalists
404cff864766c22ae5918af70c2d15e4,47,1,98.99,5,2,4,524,Potential Loyalists
404e415d2dc63f769916d23ba8040386,201,1,85.9,4,2,3,423,Potential Loyalists
406c403a3a24a8ab043b84bca52eb343,195,1,151.9,4,2,5,425,Potential Loyalists
4077fcb87fb654d7fcb5c96b649415c4,79,1,99.99,5,2,4,524,Potential Loyalists
408604325b96735d6dbed039246efd64,32,1,1299.65,5,2,5,525,Potential Loyalists
40af6992b2de59d61acf4767fdfd6cc4,159,1,18.0,4,2,2,422,Potential Loyalists
40b5e9eed4db7f956359145971056f5d,40,1,25.0,5,2,2,522,Potential Loyalists
40bb6e4754ff5f9199f857e146af0cb5,185,1,74.9,4,2,3,423,Potential Loyalists
40bfd379bd349f89e737a4c5ef8ae52a,48,1,55.0,5,2,3,523,Potential Loyalists
40c225da749a4006dc53d3fd2eb5b2f9,83,1,94.9,5,2,4,524,Potential Loyalists
40cd95d9c477a8fa94e9fac953444150,118,1,40.6,4,2,2,422,Potential Loyalists
40d028e5e7fc571cabebc613e805ce8e,177,1,0.0,4,2,1,421,Potential Loyalists
40d2c60699feb0f855b666366f8274ff,170,1,150.0,4,2,5,425,Potential Loyalists
40d306efe27702bd8ecabd6c35f32ddb,79,1,124.17,5,2,4,524,Potential Loyalists
40e110f621ab9641c7a7b7f9c39f44bf,147,1,110.0,4,2,4,424,Potential Loyalists
40e76904901b914e63faa41ba28e54c8,190,1,54.99,4,2,3,423,Potential Loyalists
40f8c65b3ef65fefe1ab5ea61b6e0ab0,174,1,0.0,4,2,1,421,Potential Loyalists
40f94a38b9e0e57adccb0d0b2811e56f,201,1,129.9,4,2,4,424,Potential Loyalists
41013aa51f66c28ff9d2c9d9d8340db5,147,1,220.0,4,2,5,425,Potential Loyalists
41054d3e7201dd301c73f493decb6806,131,1,27.9,4,2,2,422,Potential Loyalists
410e1f5d1ba42846c5be7a0c9789b65f,111,1,349.97,5,2,5,525,Potential Loyalists
4126ee95b7096d3383d3885b8180c567,52,1,136.76,5,2,4,524,Potential Loyalists
4147a5e98be4bff92386986284b08c87,176,1,69.0,4,2,3,423,Potential Loyalists
41678bd77f241a2270d0a5d905b22020,78,1,899.9,5,2,5,525,Potential Loyalists
416e6088ae45421d02c8ef8799e412fa,189,1,0.0,4,2,1,421,Potential Loyalists
417021b1b4553c55daa22f17dbf37cdc,176,1,99.9,4,2,4,424,Potential Loyalists
41ae3e6c714d29506b9b6c747b0c97ce,143,1,419.98,4,2,5,425,Potential Loyalists
41b75ed52acfa208903915c459a5e3fd,152,1,0.0,4,2,1,421,Potential Loyalists
41bec52362021d022db0035eb9256a22,40,1,89.0,5,2,3,523,Potential Loyalists
41c9b35f67c54295f3dc8f3932596421,157,1,299.0,4,2,5,425,Potential Loyalists
41d015d8f575b00c1b26805133997ad3,36,1,39.0,5,2,2,522,Potential Loyalists
41d425e9074bd07de94859fa74a2f0bf,101,1,0.0,5,2,1,521,Potential Loyalists
41e815eba2977f6db0bc60d0a9ea8adb,97,1,18.9,5,2,2,522,Potential Loyalists
4211dcafb715e60bb929a44d3e4951a2,147,1,148.0,4,2,4,424,Potential Loyalists
42129a3aa44a6075ec29b758d483b8a0,88,1,330.0,5,2,5,525,Potential Loyalists
421fb8b8a68656b2eed1ef9389014a7c,156,1,25.0,4,2,2,422,Potential Loyalists
425697ce3d3fac914952c34f43c9dece,123,1,113.89,4,2,4,424,Potential Loyalists
4268ba27ab73c81466d3068e501223a3,107,1,19.9,5,2,2,522,Potential Loyalists
426fe5ac8fe33148bc4fe8a9b96fd0c6,130,1,19.9,4,2,2,422,Potential Loyalists
42ae5fc8e51ccabaa26d6d7392263020,56,1,19.9,5,2,2,522,Potential Loyalists
42bb902a6bb8846bd157d39bccc2fd68,40,1,25.99,5,2,2,522,Potential Loyalists
42c16349869fd971353f0349209de869,65,1,70.0,5,2,3,523,Potential Loyalists
42e3510968b9442349d383ea0c98ccac,169,1,0.0,4,2,1,421,Potential Loyalists
42fbe6ab4be2d0760e5a134370da0ff5,45,1,0.0,5,2,1,521,Potential Loyalists
4306ae87bca0dc6f2fb4eaecdabdfc96,114,1,29.9,5,2,2,522,Potential Loyalists
4313fa5484249473621c67c84fd0af94,172,1,0.0,4,2,1,421,Potential Loyalists
4322436fce8de0016f4e3ba6f94f5211,26,1,54.9,5,2,3,523,Potential Loyalists
4329304379be864816803affb61e678b,177,1,118.0,4,2,4,424,Potential Loyalists
432c102302fd43b0b749e60c6ba520fd,178,1,0.0,4,2,1,421,Potential Loyalists
4363e6fae67bd586b97c117e50f953dc,174,1,27.5,4,2,2,422,Potential Loyalists
437415d3e8456d9c62280fb2c0da0458,95,1,0.0,5,2,1,521,Potential Loyalists
43941f33ed232fab3edca66699e4d287,181,1,0.0,4,2,1,421,Potential Loyalists
43968dac726b3b0b8d896a758308d75a,166,1,53.99,4,2,3,423,Potential Loyalists
4399f1c9b351d4c09e167b8ce3d8da76,60,1,0.0,5,2,1,521,Potential Loyalists
439c2008fd12459f1259b8d0d733e083,94,1,169.0,5,2,5,525,Potential Loyalists
439ced9aafa171a1ac88efa951c7db0a,108,1,99.2,5,2,4,524,Potential Loyalists
43da534e5e6c052df9993df486f342b6,130,1,79.82,4,2,3,423,Potential Loyalists
43ecbcf019723aba3a855565a0f27cba,78,1,49.9,5,2,3,523,Potential Loyalists
43edb5e13058ed02b2828267451ae295,64,1,48.99,5,2,3,523,Potential Loyalists
4412513db47efd18fc8ad98ff8e64727,169,1,0.0,4,2,1,421,Potential Loyalists
442ec7926cde07b2c855a5e100e345c5,96,1,15.9,5,2,2,522,Potential Loyalists
44434a963fa4b4012dfd754e817de54e,138,1,219.0,4,2,5,425,Potential Loyalists
445303938ffc592a9c9db7dacb942a25,138,1,122.9,4,2,4,424,Potential Loyalists
445419b1327cc8f5219514a87d043e8c,197,1,0.0,4,2,1,421,Potential Loyalists
4455e8f6fe30a164efb0265370000dd3,50,1,179.0,5,2,5,525,Potential Loyalists
44745b569a052beee4b08e01de7d4472,122,1,0.0,4,2,1,421,Potential Loyalists
4483110ec7728398e8128f4550f3c38a,106,1,0.0,5,2,1,521,Potential Loyalists
449ba149df652b663c8a8605eacb146d,63,1,219.0,5,2,5,525,Potential Loyalists
449cc26294cc2d6e2e88a82cea3e42c0,88,1,184.0,5,2,5,525,Potential Loyalists
44cf660de0c0d10e0e3040510791594d,45,1,58.0,5,2,3,523,Potential Loyalists
44d5ead0073d7c53c3f0503d9f847de0,183,1,119.9,4,2,4,424,Potential Loyalists
44df1ea61bcd2dc37c167d6be5b4ee11,162,1,69.9,4,2,3,423,Potential Loyalists
44e64b7162915525578f601e73e72b16,150,1,35.5,4,2,2,422,Potential Loyalists
4557896ca8d8cb9fa93fe60ea0b37262,203,1,350.0,4,2,5,425,Potential Loyalists
4563fe24c126728dd232a6f0cba6445d,158,1,0.0,4,2,1,421,Potential Loyalists
4577881f7a6c10d8eb6bd7f7a82ffa86,63,1,692.0,5,2,5,525,Potential Loyalists
4578c59d3730444c9221fb635f7af881,169,1,99.0,4,2,4,424,Potential Loyalists
457b1706d1ae54956aa3f8357ae96fe4,124,1,39.97,4,2,2,422,Potential Loyalists
457c16a2301237e613a1299777585d80,153,1,39.99,4,2,2,422,Potential Loyalists
458ab992ed2dd296f40f94838cf284cb,170,1,47.0,4,2,2,422,Potential Loyalists
45ca2b8a047054e858fa92a2a09bdd59,129,1,138.0,4,2,4,424,Potential Loyalists
45e2f324ab647613a2f00c9c4ae07e47,65,1,77.9,5,2,3,523,Potential Loyalists
45ea36c7ee518a24e962cb202fcd9779,104,1,67.8,5,2,3,523,Potential Loyalists
4604bef2f7091a97d534af2a62c65952,51,1,20.9,5,2,2,522,Potential Loyalists
4608a4839f4a4999c7a4fe2b498d6573,139,1,0.0,4,2,1,421,Potential Loyalists
46096c74a26672fe76dfcaf234d00864,37,1,56.58,5,2,3,523,Potential Loyalists
461aac4bb2f4d6ae5f6375f5b0958e83,49,1,92.99,5,2,4,524,Potential Loyalists
4637341cc744f926465ae19c6a45b05a,193,1,97.9,4,2,4,424,Potential Loyalists
463bea4a9035546dc7f2c4c1ab82b5a7,143,1,119.69999999999999,4,2,4,424,Potential Loyalists
463d8425827e81d905edf86f9c231eef,107,1,149.65,5,2,4,524,Potential Loyalists
46450c74a0d8c5ca9395da1daac6c120,44,1,0.0,5,2,1,521,Potential Loyalists
4647dada7eacabaaaf65edea85ddae43,59,1,6.37,5,2,1,521,Potential Loyalists
465a9b4c36bd07c2da0573a81ab61ad1,100,1,29.99,5,2,2,522,Potential Loyalists
4669d94e1e35f2493af76862ff85beba,88,1,137.99,5,2,4,524,Potential Loyalists
46799d0831910f2c477c49a994961510,138,1,130.0,4,2,4,424,Potential Loyalists
467f2ac77aed108600b9ed0be16c990e,48,1,13.47,5,2,2,522,Potential Loyalists
46a3729194f6f9d113c57f7f87bb89d9,182,1,255.0,4,2,5,425,Potential Loyalists
46a5335f5fe2f04744ec3535fc6e36f7,182,1,243.37,4,2,5,425,Potential Loyalists
47241156f53adb201a393df4569ed484,57,1,0.0,5,2,1,521,Potential Loyalists
4757513bdcbe18dc733da74607fd85a7,99,1,29.99,5,2,2,522,Potential Loyalists
476d2a8557b63e068870877925589f40,53,1,0.0,5,2,1,521,Potential Loyalists
47702cb199856e6509979e5623160f04,168,1,39.99,4,2,2,422,Potential Loyalists
47778d96d007a0dc79616bbf9c719166,142,1,110.0,4,2,4,424,Potential Loyalists
47785f23f38b208f70c7bcc32c282953,85,1,49.9,5,2,3,523,Potential Loyalists
47799677c386885704b9844bc4c840e6,136,1,124.0,4,2,4,424,Potential Loyalists
477f817873a453385bde447535ceeb3d,151,1,0.0,4,2,1,421,Potential Loyalists
478a0a8d25ca79847ce2ff79ac2433b5,53,1,22.44,5,2,2,522,Potential Loyalists
479346aff25d6c68b88e2927769b94d3,150,1,155.99,4,2,5,425,Potential Loyalists
479d6a0c8b13debeddbe4129756c6c68,140,1,199.9,4,2,5,425,Potential Loyalists
47c1737f10465e1d00d0c02ea916c74a,27,1,320.0,5,2,5,525,Potential Loyalists
47e8ef9d4dbc59ab98422f3a07f6865a,49,1,129.49,5,2,4,524,Potential Loyalists
47ed909ad8168055b4cff7733f7ce616,41,1,330.0,5,2,5,525,Potential Loyalists
47f0359649e2dc0ea37c1c5c277b8ca8,182,1,86.99,4,2,3,423,Potential Loyalists
4805c944b7235f559e0056dab6bc43f4,153,1,59.98,4,2,3,423,Potential Loyalists
4813f603025d7a3956daf0846add6330,197,1,0.0,4,2,1,421,Potential Loyalists
48588e83c729b632d1246b37c2a5ca2c,154,1,134.7,4,2,4,424,Potential Loyalists
4859987c60ae8e304bb98146180152ae,62,1,69.9,5,2,3,523,Potential Loyalists
485daa5f13cbbbfad2d4c0b1bff1e48c,131,1,19.9,4,2,2,422,Potential Loyalists
485f1a21b1d956898035a6affa72b28b,44,1,0.0,5,2,1,521,Potential Loyalists
48a91a904cbb4f4f4de08f6c74f39407,188,1,170.3,4,2,5,425,Potential Loyalists
48adfec5c9744635baaf82b0da1d5185,78,1,189.0,5,2,5,525,Potential Loyalists
48bbd473ddd17309b40a941962591360,186,1,17.99,4,2,2,422,Potential Loyalists
48bfb0e7bc39f3d4dbd5b242179be1e3,30,1,117.9,5,2,4,524,Potential Loyalists
48d6dca7397a3995908aabf1eea373e5,134,1,114.99,4,2,4,424,Potential Loyalists
48e4b7f31748195c4df64113e2fa7330,88,1,35.0,5,2,2,522,Potential Loyalists
48e8d93c6ed6a8df94e24f4cd188d154,129,1,90.0,4,2,4,424,Potential Loyalists
48e99ff587e12c76f15f2f0372be1175,128,1,139.99,4,2,4,424,Potential Loyalists
490aaedd703d157551ba484dbf0ec17c,96,1,383.5,5,2,5,525,Potential Loyalists
4919652599408c4cdb93218f74137435,170,1,0.0,4,2,1,421,Potential Loyalists
49257d143ec6384f53a6648062252966,186,1,110.0,4,2,4,424,Potential Loyalists
49342c395ab145b1716b1dc861c090f2,103,1,230.0,5,2,5,525,Potential Loyalists
498011a635721ea1682b150ec0d1494e,190,1,149.9,4,2,4,424,Potential Loyalists
4985c6f86aaf1460d9b6fdc74465a5a5,50,1,0.0,5,2,1,521,Potential Loyalists
49c530e0eda65a04bc0b39dce0b305f3,162,1,0.0,4,2,1,421,Potential Loyalists
49c5ef1f262be01b80383cd169a74cc2,161,1,138.0,4,2,4,424,Potential Loyalists
49e30036e0a9b1d35c61e3095d05e263,39,1,1045.0,5,2,5,525,Potential Loyalists
4a0eed40063695c28f67f468dd5776f8,133,1,79.9,4,2,3,423,Potential Loyalists
4a17a49c025e9cfe067bca2ca537387c,93,1,158.0,5,2,5,525,Potential Loyalists
4a1857ed6d79eb215ed4805b853e1356,193,1,44.9,4,2,2,422,Potential Loyalists
4a3b6233269f211111508c801117a357,181,1,0.0,4,2,1,421,Potential Loyalists
4a523acb002d650ef0738916f939df50,178,1,144.99,4,2,4,424,Potential Loyalists
4a56c5864ec9c27869d80d07115ff36c,92,1,159.49,5,2,5,525,Potential Loyalists
4a81df1304069878473990ba8bc10d1e,101,1,49.9,5,2,3,523,Potential Loyalists
4a8c8f751984985cd49f74249da95aae,151,1,0.0,4,2,1,421,Potential Loyalists
4aa1f32110cbeb6c40b0c0f368557803,36,1,89.99,5,2,4,524,Potential Loyalists
4aa8a66122568f63b9873e610b4d1d1d,187,1,88.89,4,2,3,423,Potential Loyalists
4aab13ab7f6f9109fa6a996ff4b2cf4e,171,1,0.0,4,2,1,421,Potential Loyalists
4ac2c632ad4eb06bde1abf92c3aeb44a,201,1,85.0,4,2,3,423,Potential Loyalists
4ad24023bdc79038ec5799f650ecc0bc,35,1,39.9,5,2,2,522,Potential Loyalists
4aedd3b77829688ccf04a794212d375c,90,1,97.9,5,2,4,524,Potential Loyalists
4b0a2eb6cad52bcbb4df29d278fede29,187,1,53.89,4,2,3,423,Potential Loyalists
4b154e0720d0923cee4489015af0f662,59,1,144.9,5,2,4,524,Potential Loyalists
4b2a90f97fb6d4022044367a62d2aa0f,189,1,101.49,4,2,4,424,Potential Loyalists
4b40745dcdd2de6de0af5e206d8ecf8b,148,1,59.98,4,2,3,423,Potential Loyalists
4b48b3ba43eca5e212825cbde90b1b76,52,1,19.9,5,2,2,522,Potential Loyalists
4b52b581adde85cafdb0b04a130e5d6d,79,1,24.99,5,2,2,522,Potential Loyalists
4b61b1aa8bb2f7dc1bb6e81b6fce88b7,202,1,112.0,4,2,4,424,Potential Loyalists
4b8d2c20253a3dc25770c9cb06232a69,147,1,154.0,4,2,5,425,Potential Loyalists
4badd97df3e4ad6d64508b5c25d4dca9,159,1,28.0,4,2,2,422,Potential Loyalists
4bb97ff40d9e2fecefaa62fbce588e34,114,1,19.9,5,2,2,522,Potential Loyalists
4bd3154555b2d1d19fed1ccf31aa33f7,181,1,0.0,4,2,1,421,Potential Loyalists
4bd91035db69402af2402d830849b4df,159,1,99.9,4,2,4,424,Potential Loyalists
4beb171d402535985ed8f5843bcc8dd0,62,1,29.0,5,2,2,522,Potential Loyalists
4bf4cdbd2db7a58bec527ea23ccbeb26,128,1,94.9,4,2,4,424,Potential Loyalists
4bf9358b618236ea203ef23a0ea9a791,126,1,0.0,4,2,1,421,Potential Loyalists
4bfb2458768dbee0e7e1e04164a58abe,94,1,17.0,5,2,2,522,Potential Loyalists
4c0aa4a0808110794130a1735a751aea,130,1,149.9,4,2,4,424,Potential Loyalists
4c0c0aaace4f4f653104ae52e4811ec6,67,1,39.9,5,2,2,522,Potential Loyalists
4c0dc4c1650460e296cf9e51ea06c993,127,1,0.0,4,2,1,421,Potential Loyalists
4c1cacfc081ddc8593a27c9d3c88be49,108,1,329.94,5,2,5,525,Potential Loyalists
4c1d5130a8d1d1edc9a7977504b2d40d,44,1,0.0,5,2,1,521,Potential Loyalists
4c20c0ee3e142218ffbb29ea05d6efa3,203,1,49.9,4,2,3,423,Potential Loyalists
4c302f270df7e2504744b098d013b0e3,123,1,110.0,4,2,4,424,Potential Loyalists
4c78e1b1723e4144f76a00609f312fc2,194,1,19.9,4,2,2,422,Potential Loyalists
4c7ddb7b5d196b2967554adca4964542,124,1,49.9,4,2,3,423,Potential Loyalists
4c7e61a1faa0d4745bca0164648b3ddd,190,1,0.0,4,2,1,421,Potential Loyalists
4cf926be7c4508b256de872d8de17979,189,1,129.0,4,2,4,424,Potential Loyalists
4d00a68a5ecafd5138753a21c61071d4,171,1,89.7,4,2,4,424,Potential Loyalists
4d094dfd23064797e35aab51f129fda4,125,1,99.0,4,2,4,424,Potential Loyalists
4d0d481f5a938ec64900b4e0b317e15c,46,1,59.99,5,2,3,523,Potential Loyalists
4d2e06feac9e7556570da81b6b1a1423,200,1,124.99,4,2,4,424,Potential Loyalists
4d337c98856b7ffd5018d7a5b3fbaf76,151,1,29.9,4,2,2,422,Potential Loyalists
4d62a023211df06c5649d5bb1bf699e0,140,1,29.45,4,2,2,422,Potential Loyalists
4d79dc7488d0c0a6af048c5dc363e2cd,43,1,120.0,5,2,4,524,Potential Loyalists
4dc97210cddbf67b977de29abd35eece,102,1,119.9,5,2,4,524,Potential Loyalists
4dcabe94c61f202327839a734955b0cf,197,1,69.9,4,2,3,423,Potential Loyalists
4ddf638d30917fc90e69fa4294fec79f,202,1,49.0,4,2,3,423,Potential Loyalists
4e012ebff739bde041e02fcabd42d3d0,43,1,1376.55,5,2,5,525,Potential Loyalists
4e15fee963523774998876e3624952f4,45,1,139.99,5,2,4,524,Potential Loyalists
4e1e21d422058c75922a29548f43479d,163,1,178.99,4,2,5,425,Potential Loyalists
4e27e7b9f149bcd4ea5ec0dc251b11b4,158,1,164.99,4,2,5,425,Potential Loyalists
4e40f88729018a8129193dc0223912d4,126,1,0.0,4,2,1,421,Potential Loyalists
4e480c651903b26e987ad098dd01cfd3,63,1,56.0,5,2,3,523,Potential Loyalists
4e52868ca801ed63098753335c0ff17b,101,1,49.99,5,2,3,523,Potential Loyalists
4e5e69a95bea47fa026e3bbdc386f55c,177,1,0.0,4,2,1,421,Potential Loyalists
4e6c6d1d5100010e95fafd14df22e007,186,1,258.0,4,2,5,425,Potential Loyalists
4e6f6ed96c6bf5701e889301565361c7,105,1,0.0,5,2,1,521,Potential Loyalists
4e7b44775e9dfd6a7ad38006221ba740,96,1,97.99,5,2,4,524,Potential Loyalists
4e7da8460a307b63a7a4d98750f3a95a,108,1,99.8,5,2,4,524,Potential Loyalists
4ebfd10a85099b098816cbbca0604b59,172,1,149.9,4,2,4,424,Potential Loyalists
4ece0ab94505340f9f8c39f09d5c1280,91,1,129.9,5,2,4,524,Potential Loyalists
4edb41f4555044def164944f4bc31c3c,39,1,29.0,5,2,2,522,Potential Loyalists
4f0a93edbe276308a671448764c8e1c2,59,1,0.0,5,2,1,521,Potential Loyalists
4f114ef058f9d3a854fec64219e8d91f,35,1,159.9,5,2,5,525,Potential Loyalists
4f30c12cd0b6830b37fe2b29ecfa25de,170,1,129.9,4,2,4,424,Potential Loyalists
4f42bd047403d725c47c10d46d2075eb,58,1,24.0,5,2,2,522,Potential Loyalists
4f5dc7d759b71c6fa79c3022e2235cc5,92,1,0.0,5,2,1,521,Potential Loyalists
4f6a76ff888ac68a646c515920c0f3e3,47,1,40.7,5,2,2,522,Potential Loyalists
4f8602e886ab87a176e8f0a2c2e06069,109,1,330.0,5,2,5,525,Potential Loyalists
4f922e1a973e7a72b422022f4aabfd47,129,1,65.9,4,2,3,423,Potential Loyalists
4f99c339d669d50ab3d87009990197d8,147,1,149.9,4,2,4,424,Potential Loyalists
4fa4365000c7090fcb8cad5713c6d3db,23,1,0.0,5,2,1,521,Potential Loyalists
4fa62147a0294ea8e717288b6615d2a5,27,1,48.9,5,2,2,522,Potential Loyalists
4fa93ce17fd5c9868466a49cc823188e,85,1,21.0,5,2,2,522,Potential Loyalists
4fabe276b1e63a047b87cf7d79af884e,39,1,18.9,5,2,2,522,Potential Loyalists
4fefe0e53334d2252f3b920db8df4776,39,1,48.5,5,2,2,522,Potential Loyalists
5014640d3efef58a7b050e3af74bbcec,193,1,79.99,4,2,3,423,Potential Loyalists
50160b006ccda0a52d2cb6e170251a0b,122,1,0.0,4,2,1,421,Potential Loyalists
503033d8d8c0a27ba5a2ac8fe424b45b,121,1,132.97,4,2,4,424,Potential Loyalists
5072b38d1de83ef6b9c7c15983a0f731,154,1,230.0,4,2,5,425,Potential Loyalists
5078b16249b55c1b790a5756a02ddfe5,137,1,99.9,4,2,4,424,Potential Loyalists
507c84a12a163fa17b7d875eb0f80bb1,128,1,79.0,4,2,3,423,Potential Loyalists
5098a0313c0a6e4566a3d17151d54ebc,148,1,0.0,4,2,1,421,Potential Loyalists
50b8f1b2deb925b4dcf09ac30eb85db7,114,1,106.9,5,2,4,524,Potential Loyalists
50bcf3c27a375da1f5d33ab1798b38a4,177,1,259.9,4,2,5,425,Potential Loyalists
50c544adc0b470eef70217bd327e672a,45,1,159.99,5,2,5,525,Potential Loyalists
50f8c5f8f6d5b86bc62dd8e671ff2e78,150,1,0.0,4,2,1,421,Potential Loyalists
50f99f56ab935ac45c6f1cd4c0bfbe2a,88,1,49.1,5,2,3,523,Potential Loyalists
5136d09d75000986bac52a8f5583f355,178,1,110.0,4,2,4,424,Potential Loyalists
5143bcc6bc4a69be5dfd6db38f2c1bb3,85,1,22.9,5,2,2,522,Potential Loyalists
516aae6b5114b40f0c423bcec3f73bc3,62,1,0.0,5,2,1,521,Potential Loyalists
517a35f625b57d7c8533adfefb2d1b98,163,1,499.99,4,2,5,425,Potential Loyalists
5182a0cedbcab2cdd746471065fbb6dc,159,1,59.99,4,2,3,423,Potential Loyalists
5188090bf12661971a81f523d5b42f35,126,1,0.0,4,2,1,421,Potential Loyalists
518bd6dc8b398a069309bc013fbc43a8,107,1,249.9,5,2,5,525,Potential Loyalists
519bfc92913c498006c2b05dbaad7525,94,1,475.0,5,2,5,525,Potential Loyalists
51bb00d04d164d61ffd05a7284d5a44e,148,1,110.32,4,2,4,424,Potential Loyalists
51c71e07d4ffb31ee4286c41a71ff23f,172,1,30.0,4,2,2,422,Potential Loyalists
51cbfa44126505de7a55fb99ba49648b,157,1,139.8,4,2,4,424,Potential Loyalists
51d368d03eceff9882c5870827f9ce0e,53,1,269.70000000000005,5,2,5,525,Potential Loyalists
51d3d5423e89bdef188c9b6014773577,82,1,16.0,5,2,2,522,Potential Loyalists
52152ab824fe738e8230950c5edbafdb,180,1,21.99,4,2,2,422,Potential Loyalists
52343fcfb4c1fbb0f91f9752d850d5fc,196,1,318.0,4,2,5,425,Potential Loyalists
524e35dd7c90f48c76141a4bd25b3d4b,28,1,36.82,5,2,2,522,Potential Loyalists
525eb1a84ca6c1c0df03dcafaf9c0afc,46,1,59.6,5,2,3,523,Potential Loyalists
527db84cb89710401bd01009f23a4118,84,1,99.9,5,2,4,524,Potential Loyalists
5287bb98e3da27fddfa3c3b13993f04f,35,1,49.9,5,2,3,523,Potential Loyalists
52a2f316baf6921a49770363ec6b1268,184,1,39.99,4,2,2,422,Potential Loyalists
52b7e40d53b336e18d6346d2236a5ede,52,1,350.0,5,2,5,525,Potential Loyalists
52b8fc428690f8974a3d3ff3a162f7b7,26,1,169.9,5,2,5,525,Potential Loyalists
52ba13556336e0643d5af3b1a94ea82b,130,1,13.65,4,2,2,422,Potential Loyalists
52c2d25d17331709d360f6d8fce886af,154,1,299.0,4,2,5,425,Potential Loyalists
52fc446155bc2a278dbaa6695e3c06c6,51,1,142.0,5,2,4,524,Potential Loyalists
5340888f5f7415514d6e02a9293938c0,183,1,115.0,4,2,4,424,Potential Loyalists
536911eef34352fe5aadbb4a39bac190,92,1,89.9,5,2,4,524,Potential Loyalists
537eaa7044e92f1ce907e98a5eeb989e,61,1,59.8,5,2,3,523,Potential Loyalists
53a9a392c03c3d428c6cc5f6bd753f16,90,1,129.0,5,2,4,524,Potential Loyalists
53c26d4cc00e6fe479057e894b7c1805,154,1,104.9,4,2,4,424,Potential Loyalists
53e59bf8386630311c1a630e0aa7e92b,92,1,0.0,5,2,1,521,Potential Loyalists
53f83d958a9f00d0e7913a0e6261885d,49,1,0.0,5,2,1,521,Potential Loyalists
54875f4b4cc6b4c3b0608fbfd64c39a2,89,1,152.0,5,2,5,525,Potential Loyalists
548a09978548d2e347d494793e34c797,77,1,0.0,5,2,1,521,Potential Loyalists
5493b0c34dc1481b67a6365a6c3ff174,65,1,19.9,5,2,2,522,Potential Loyalists
54a4d076947c8f0e3de1e6eb3bab9dc5,68,1,0.0,5,2,1,521,Potential Loyalists
54a6fac091f0d157752db7bb34a6d838,166,1,59.99,4,2,3,423,Potential Loyalists
54b1e10e822b9b303d8ef8845cc3901d,179,1,18.5,4,2,2,422,Potential Loyalists
54d020f986a115a20bfab3694af204d4,32,1,159.9,5,2,5,525,Potential Loyalists
54d7a15160876f86860fd741b906a742,78,1,219.0,5,2,5,525,Potential Loyalists
54e0af4a0f1db52a08a5f9b39954dfef,145,1,299.99,4,2,5,425,Potential Loyalists
54f2711f2fa5fa43b63e30c4092e1b0b,44,1,212.0,5,2,5,525,Potential Loyalists
5501229f067d77af54f8242b218e2d51,57,1,0.0,5,2,1,521,Potential Loyalists
55020cb68ae358a51969695657a54e9c,101,1,316.05,5,2,5,525,Potential Loyalists
55094b4209466f0537cc52a4e3481639,130,1,489.0,4,2,5,425,Potential Loyalists
551a0e417b10f992a724b436f2a5588c,84,1,0.0,5,2,1,521,Potential Loyalists
55310366b1116f6cf157b304213b24e7,129,1,53.79,4,2,3,423,Potential Loyalists
555c9a08eb946bc1d57e5a2bbe9dcb31,43,1,120.0,5,2,4,524,Potential Loyalists
5562519ab10ca3a2bcafca081618d2ea,43,1,0.0,5,2,1,521,Potential Loyalists
5567ff09b0607b9546948fec46fe15ad,49,1,33.99,5,2,2,522,Potential Loyalists
556ef155029a0a2acc715e187be1fea9,80,1,0.0,5,2,1,521,Potential Loyalists
557cd07fbd892abdb1dc537a91ac9f00,133,1,99.0,4,2,4,424,Potential Loyalists
558b201e6ece802d5e0bd32fbcab8939,143,1,110.0,4,2,4,424,Potential Loyalists
559df1e714566692202143c82bf531ca,174,1,49.9,4,2,3,423,Potential Loyalists
55ada0c8e02119e570b002a700dac03f,64,1,157.9,5,2,5,525,Potential Loyalists
55c00c8a161d2e6d7d731dd87341ad2f,44,1,14.9,5,2,2,522,Potential Loyalists
55eaa587a28bb35f3e8805fcc6237ad5,151,1,34.9,4,2,2,422,Potential Loyalists
55f3d52c6aaf964de0cc0f595c9a5750,79,1,99.99,5,2,4,524,Potential Loyalists
55fbb64f60861980e74c4f136f304297,47,1,15.0,5,2,2,522,Potential Loyalists
56139a11fd758105e9df4db3a0fed099,51,1,0.0,5,2,1,521,Potential Loyalists
561a0a309b05a99917702086e451acce,96,1,66.99,5,2,3,523,Potential Loyalists
561a5e784539f3452c077fbfcf54a1e5,51,1,59.9,5,2,3,523,Potential Loyalists
562b3bca5a8903b7451462b6e7aa6082,39,1,34.9,5,2,2,522,Potential Loyalists
565fb68ac5d1fdf1721f544362f46c35,180,1,30.0,4,2,2,422,Potential Loyalists
5663350f41f9077e7c27f2ab1131bd13,66,1,66.99,5,2,3,523,Potential Loyalists
56741af99968c78688e558b5551c68ec,50,1,72.0,5,2,3,523,Potential Loyalists
569afd870e3085df248dd2a9ed77621a,128,1,99.9,4,2,4,424,Potential Loyalists
56c355e615aa216a8c404c4f3d22383c,121,1,15.0,4,2,2,422,Potential Loyalists
56e674dd2fe123d7ddd38e34b53163ac,62,1,49.99,5,2,3,523,Potential Loyalists
5710203a16b48df3013f69a8f9d6c1e0,55,1,0.0,5,2,1,521,Potential Loyalists
571fa8594059e717187533599bd0c1c4,195,1,24.95,4,2,2,422,Potential Loyalists
574241537a24a10ba4219b4a7c308b4e,47,1,123.51,5,2,4,524,Potential Loyalists
5744cb545c3e8137a49e4078190dcb2c,45,1,0.0,5,2,1,521,Potential Loyalists
575e8735ac3203bfb92c7d52919faf70,52,1,0.0,5,2,1,521,Potential Loyalists
576ea0cab426cd8a00fad9a9c90a4494,109,1,130.4,5,2,4,524,Potential Loyalists
577782f64db1967ca343d0515ba9b1d7,194,1,49.0,4,2,3,423,Potential Loyalists
577f115bcda2b2d4448620beaa01f8bc,190,1,104.0,4,2,4,424,Potential Loyalists
578a719055f199cc37fc781c943a51dd,147,1,52.98,4,2,3,423,Potential Loyalists
5790eb0a154162bb308fa4e642c20585,123,1,277.8,4,2,5,425,Potential Loyalists
57b1099bb38ee91578d2f1c3ee154082,125,1,0.0,4,2,1,421,Potential Loyalists
57e2b4ad2d77ceb7034ddaf45564600d,197,1,0.0,4,2,1,421,Potential Loyalists
57f06135a2656bfab535243f705fc8f6,56,1,35.0,5,2,2,522,Potential Loyalists
57f66dc16e5edbe9417e1e21c783b5a9,44,1,69.0,5,2,3,523,Potential Loyalists
58042c9e927cb9148140e40a7f431dd4,65,1,95.0,5,2,4,524,Potential Loyalists
580ede5a44a53752cbfe26f593e4136a,141,1,119.99,4,2,4,424,Potential Loyalists
581641ee64988e2cb6569a5370073038,35,1,91.9,5,2,4,524,Potential Loyalists
5818716896e61882c80b6044380c0795,163,1,19.9,4,2,2,422,Potential Loyalists
5824772f55a94d6c06cbd5df136f5ba4,140,1,220.64,4,2,5,425,Potential Loyalists
583973d1d74829deaaff6709f318737f,62,1,29.0,5,2,2,522,Potential Loyalists
5895fc39fdbecc7f650ad561eb1f877d,166,1,79.0,4,2,3,423,Potential Loyalists
589e8441e1957f2c027af0f7b11a2da3,141,1,159.9,4,2,5,425,Potential Loyalists
58c5b67c61ad021f18d92170dea1d75c,100,1,122.9,5,2,4,524,Potential Loyalists
58d10d80f3f3dc2d549e0c1f9c63b2c2,131,1,230.0,4,2,5,425,Potential Loyalists
58d711f2c39c1043d41d4594e0b5eaf5,94,1,122.99,5,2,4,524,Potential Loyalists
58fba8b579123690f22f1e0a8cbb8152,193,1,19.9,4,2,2,422,Potential Loyalists
591caa52421a11f48900563773d0a188,83,1,109.99,5,2,4,524,Potential Loyalists
5925dfa8cd87ab4d852383f7039c8bc2,176,1,115.0,4,2,4,424,Potential Loyalists
592fb34649aad7444bd5d804020af7eb,201,1,149.0,4,2,4,424,Potential Loyalists
5936fabf5dfeaa6c31d9f649b5794e2c,54,1,106.9,5,2,4,524,Potential Loyalists
595e38fad1949e25468ad1c7c06924d0,131,1,563.0,4,2,5,425,Potential Loyalists
596ef1de0dbc8272ca72cfca3b3d871e,40,1,439.9,5,2,5,525,Potential Loyalists
599fc5c00b25842c502cd08f08791a1b,169,1,0.0,4,2,1,421,Potential Loyalists
59bb10015afb7afabc67252dbbf21985,38,1,24.9,5,2,2,522,Potential Loyalists
59bf40d8d661b01628706ada5ca977a8,95,1,89.99,5,2,4,524,Potential Loyalists
59c8a5cd77084bf4691e712de2d68213,172,1,129.0,4,2,4,424,Potential Loyalists
59d8d1ea35c02a6a070ee29944b0ea86,191,1,0.0,4,2,1,421,Potential Loyalists
59e8fb2230cc55227b2a21c05975bb5b,129,1,0.0,4,2,1,421,Potential Loyalists
5a063c05a1aa4b43a9682184e6ab50c8,154,1,99.9,4,2,4,424,Potential Loyalists
5a0ff93cfaa09dab931deb90247502b5,38,1,110.65,5,2,4,524,Potential Loyalists
5a2cb558cd7a1f5ff0a0c9014a8022e4,86,1,119.4,5,2,4,524,Potential Loyalists
5a49397fc3ccea61283f726e9b1b813e,157,1,429.0,4,2,5,425,Potential Loyalists
5a494c648fde2d1ec4eb614274ea7159,196,1,225.0,4,2,5,425,Potential Loyalists
5a4ac8dc137c5010a2845fc89f2ccd67,127,1,55.0,4,2,3,423,Potential Loyalists
5a4fa1e501791e36c757683e9fd20c1b,51,1,299.0,5,2,5,525,Potential Loyalists
5a6d092525ea183026c9b405b903fe0c,172,1,1099.0,4,2,5,425,Potential Loyalists
5aa053b724a30bb7f32ba18267be3f5a,79,1,97.5,5,2,4,524,Potential Loyalists
5ad755f2bc4d98be17d9f42b3c1f0c4b,161,1,0.0,4,2,1,421,Potential Loyalists
5ae08af8f3515283b1828222edcb9aea,58,1,36.5,5,2,2,522,Potential Loyalists
5af9e3c7acac75b674e2a7510bf32f69,201,1,35.0,4,2,2,422,Potential Loyalists
5afd3be8c186cc3c4bd4886d3d402473,145,1,60.0,4,2,3,423,Potential Loyalists
5afde1c9bba8add22daf7930d6c8fd83,39,1,199.9,5,2,5,525,Potential Loyalists
5b1be9ec4d6e0f2e3eb073aa560344f5,197,1,53.49,4,2,3,423,Potential Loyalists
5b1beee2c7f97012bd089e13416ee57c,70,1,109.9,5,2,4,524,Potential Loyalists
5b40b6d003822b8ff229a910784fe4e5,199,1,49.0,4,2,3,423,Potential Loyalists
5b4b4c95a263788f6b0c147c0bc93ad3,196,1,199.0,4,2,5,425,Potential Loyalists
5b586399e94f316df6602acbe6d80f70,31,1,59.0,5,2,3,523,Potential Loyalists
5b9a423471efacaa2b6d3ff74db0a572,137,1,44.9,4,2,2,422,Potential Loyalists
5ba20615a231459a4120721fec77e635,181,1,0.0,4,2,1,421,Potential Loyalists
5bb9ad6df9af9994190955a8b9b5b7c1,73,1,0.0,5,2,1,521,Potential Loyalists
5bbc03d010ac4dbcfdfa2018349c8f6e,134,1,199.0,4,2,5,425,Potential Loyalists
5bc01c59a5e53b65fe0cef8f493dbde6,142,1,99.9,4,2,4,424,Potential Loyalists
5bf05b782061b0bd881a17616f9833ac,104,1,106.0,5,2,4,524,Potential Loyalists
5bf4ea2d98005b960eea0dbf652ef4e7,129,1,120.0,4,2,4,424,Potential Loyalists
5c00e849b56a56ea31560d5d66f933e9,40,1,0.0,5,2,1,521,Potential Loyalists
5c3914b94ee76459cbcc768f1bd2dd0a,56,1,499.9,5,2,5,525,Potential Loyalists
5c41a21d4f964c189c2ad704dd18d11f,200,1,174.56,4,2,5,425,Potential Loyalists
5c5f8f357189e6a106da7aa882815a5a,123,1,45.9,4,2,2,422,Potential Loyalists
5c76d8bdec8e69f3bf4bcc379e72a865,102,1,0.0,5,2,1,521,Potential Loyalists
5c9ce64e6f59daa383b4b3cf25d393d3,176,1,179.49,4,2,5,425,Potential Loyalists
5c9f8b7abc2b49d75a2f6711deada9a1,35,1,104.0,5,2,4,524,Potential Loyalists
5cac520e0d32fbde17b1eec2eed08f37,50,1,22.35,5,2,2,522,Potential Loyalists
5cdc02ef57bf0f8500c2876200c620ec,91,1,130.0,5,2,4,524,Potential Loyalists
5cf4e0deb70db6783df2d23d7db1f9b1,186,1,119.0,4,2,4,424,Potential Loyalists
5d3e6a61592164c2924ccec5c7f56058,149,1,274.9,4,2,5,425,Potential Loyalists
5d6ebee8a8bd2d5012d04e7be94ea5e6,79,1,34.9,5,2,2,522,Potential Loyalists
5d81094365fbd7cb0e548f4508fa5e62,194,1,149.9,4,2,4,424,Potential Loyalists
5d88bd88c9579a989ddc851c82b0e5bd,96,1,22.5,5,2,2,522,Potential Loyalists
5d8d6b43f3f42bcc94e23a6729ce16c3,99,1,79.99,5,2,3,523,Potential Loyalists
5db7217aca46713f098e62c6e33990ca,158,1,78.9,4,2,3,423,Potential Loyalists
5dc033c91ee12d58f65c917e0ed03c2d,50,1,27.9,5,2,2,522,Potential Loyalists
5e065c2ae315b9c4549a30b40277d6ad,42,1,61.9,5,2,3,523,Potential Loyalists
5e55dde40568204a0b11cb09f2c38c54,30,1,53.49,5,2,3,523,Potential Loyalists
5e595be768fd3dc726cfb9022af58bb3,65,1,115.0,5,2,4,524,Potential Loyalists
5e631f0a317ae2d8919e83a94b0b51f8,80,1,89.9,5,2,4,524,Potential Loyalists
5e702aef56ab73d6c6e7b870277edec9,151,1,120.0,4,2,4,424,Potential Loyalists
5e8a37a9db66531212450e6bd9a3c9ad,133,1,0.0,4,2,1,421,Potential Loyalists
5e8daf8c56e7ea57b7b508ea39d345c6,89,1,75.96,5,2,3,523,Potential Loyalists
5eb351044bd6b55c52e33510a8529bc3,34,1,42.89,5,2,2,522,Potential Loyalists
5ebb4b34c5aeed7ddda4fefe8e38f64a,29,1,95.38,5,2,4,524,Potential Loyalists
5ec2088063a452edc9e72375fccec9f8,128,1,92.0,4,2,4,424,Potential Loyalists
5ef3e5d1f29c98aeda2d09225be21d8f,180,1,0.0,4,2,1,421,Potential Loyalists
5ef5ee5db0d3088844b10293c5535a95,136,1,51.81,4,2,3,423,Potential Loyalists
5efea094993d7cad5dcf720125dbf199,77,1,44.9,5,2,2,522,Potential Loyalists
5f204b6a83d8d323d4c2935f71cbbbbb,87,1,50.49,5,2,3,523,Potential Loyalists
5f241b7659042015a3c45005ef37c0ec,146,1,116.9,4,2,4,424,Potential Loyalists
5f349193a205124186b7433d20ac52e6,45,1,44.0,5,2,2,522,Potential Loyalists
5f7776426b25da9e5d212c3de7102003,86,1,104.71,5,2,4,524,Potential Loyalists
5f7d7732b351ce851a158528581af05f,112,1,445.0,5,2,5,525,Potential Loyalists
5f804c4f73397c6b7d0643012d788c83,67,1,100.99,5,2,4,524,Potential Loyalists
5f96ec83805d059fcff96db83a407338,109,1,145.9,5,2,4,524,Potential Loyalists
5f9d0a2d1cbdc542a46b46a8b3511701,102,1,132.0,5,2,4,524,Potential Loyalists
5fa1f56316f4154109ceb42651385b7c,148,1,129.9,4,2,4,424,Potential Loyalists
5fbd0db43d845f806db24e5ef013b81e,41,1,0.0,5,2,1,521,Potential Loyalists
5fbf0be1301bc6bbd95ee93d947a51c6,181,1,99.98,4,2,4,424,Potential Loyalists
5fe52c2b0468fc25bba30f41035c4540,151,1,20.9,4,2,2,422,Potential Loyalists
5ff5ee62ebd03a9ade4bb576f7f1e483,45,1,49.49,5,2,3,523,Potential Loyalists
601d7421c2ded8c1caffb014b9f19d79,188,1,79.99,4,2,3,423,Potential Loyalists
603101e05adcd4cc4ade66118784ddae,101,1,79.9,5,2,3,523,Potential Loyalists
60389b9628af3e1ed0b3d14226b77994,182,1,46.9,4,2,2,422,Potential Loyalists
60676486b9681a6de27cc34fbfbc057c,34,1,64.9,5,2,3,523,Potential Loyalists
607f4c2924c362edbfbb34ef76a02342,185,1,35.9,4,2,2,422,Potential Loyalists
608b221bbdb07cb279018c0dd04cc730,144,1,1499.0,4,2,5,425,Potential Loyalists
60af18e2b219938a9c9755aa018cd46c,172,1,79.0,4,2,3,423,Potential Loyalists
60e2c1c1b1d94d1a3f157741545ffc39,51,1,16.29,5,2,2,522,Potential Loyalists
61187e65b3917713604f3debd31fc0fb,149,1,599.0,4,2,5,425,Potential Loyalists
6142e278d63f40dd65e24a89cda7f4cd,37,1,0.0,5,2,1,521,Potential Loyalists
61435d982420fb720f85d1bb6047fc6f,143,1,779.0,4,2,5,425,Potential Loyalists
6143af65fa3b3ba78098b7117ef00d23,91,1,0.0,5,2,1,521,Potential Loyalists
6146f341573c3d49d52cb007c14796e2,50,1,34.9,5,2,2,522,Potential Loyalists
616309b2eeb7bd9c05b0fdfbab28e6c6,93,1,134.9,5,2,4,524,Potential Loyalists
617fef83062c1fcccd20798268cb6199,176,1,45.0,4,2,2,422,Potential Loyalists
618c92fdec3da9b656706b14ff162913,90,1,539.8199999999999,5,2,5,525,Potential Loyalists
6194f8cda70a2a8a3eb91467b04a6fae,93,1,60.0,5,2,3,523,Potential Loyalists
619971e88ce09faa7047a97feb887755,87,1,114.9,5,2,4,524,Potential Loyalists
61bc6c4a059f69ea37ec1fc5abfca27f,195,1,0.0,4,2,1,421,Potential Loyalists
61bf8e4656ece5791021786c756f1894,78,1,189.9,5,2,5,525,Potential Loyalists
61c5df1c0ba751e67109d3a9448ba372,174,1,54.87,4,2,3,423,Potential Loyalists
61cd1aa2c24f2dde3e451da8d049fd81,85,1,0.0,5,2,1,521,Potential Loyalists
61ed6dbae0e47f36937a930897a9afa7,35,1,66.0,5,2,3,523,Potential Loyalists
61fa90fbaf8ae2ef37080c2f8acbd0f0,80,1,169.9,5,2,5,525,Potential Loyalists
6219e27197bb69d46b4df3fcc2325edf,196,1,14.9,4,2,2,422,Potential Loyalists
622ef05573ff01a3225ce9222a536435,180,1,166.66,4,2,5,425,Potential Loyalists
62345fb1babc1e9fa7bd617eb3a4fb37,57,1,0.0,5,2,1,521,Potential Loyalists
6243e6aedca8bf97d0e619c5eed532be,195,1,159.0,4,2,5,425,Potential Loyalists
6271a931d9d3071a8777ca5be52771a4,200,1,149.9,4,2,4,424,Potential Loyalists
62789dfe332c095569f5ce35d10a3062,63,1,25.89,5,2,2,522,Potential Loyalists
629fb99609e4613c746af4eaa455c91a,127,1,18.0,4,2,2,422,Potential Loyalists
6320304c0bed4ea461d256379a65d231,171,1,48.9,4,2,2,422,Potential Loyalists
633bd93d8ea8d1b21a3c03a466862f35,98,1,127.5,5,2,4,524,Potential Loyalists
633fe14cd1aaed19dce95a5149799220,32,1,43.9,5,2,2,522,Potential Loyalists
634c7fe1285068fb2dd1437f76270037,96,1,34.9,5,2,2,522,Potential Loyalists
638b18c123d3a826c0df0e677ad76f0e,133,1,64.9,4,2,3,423,Potential Loyalists
638f832f159569d2f7a8cef28af69142,188,1,119.9,4,2,4,424,Potential Loyalists
63ac99abec6ae9397c61293badd8a268,197,1,179.99,4,2,5,425,Potential Loyalists
63b4253e688c57bdaa18741b3fea5a01,193,1,80.49,4,2,3,423,Potential Loyalists
63e7b3101c55297369f3141cf91532be,195,1,0.0,4,2,1,421,Potential Loyalists
643e03b0555c358dbca7dbb4ba64617a,75,1,249.0,5,2,5,525,Potential Loyalists
64421b0701a2c51c0a2e2c8a9a06dc59,84,1,139.9,5,2,4,524,Potential Loyalists
6447bed5e7c9aa59a6c62a5c4a0e1188,36,1,28.8,5,2,2,522,Potential Loyalists
64727e2399d0c91e33dd71179e449069,83,1,88.9,5,2,3,523,Potential Loyalists
647603966855f7046a23e805ef8f1e4e,165,1,89.9,4,2,4,424,Potential Loyalists
647834fa9bee90050574fb5a00b8f0c1,26,1,79.9,5,2,3,523,Potential Loyalists
64812f554a1e0ae09babcc0ee08715a0,138,1,59.9,4,2,3,423,Potential Loyalists
6497ed50b6c370d8ac59bfc3ddb0775d,60,1,109.0,5,2,4,524,Potential Loyalists
64a6440ee0731b29560508a3dfa71f9a,170,1,37.0,4,2,2,422,Potential Loyalists
64b81e6eebe4d182a219e7a0497dd9ec,193,1,0.0,4,2,1,421,Potential Loyalists
64df076fb557552498049bb07ed1cd5f,149,1,179.97,4,2,5,425,Potential Loyalists
64fbdfb5f46d6a1b06841e62fafae3f4,128,1,149.9,4,2,4,424,Potential Loyalists
65012c428083737f5354bf9f14c47b87,34,1,0.0,5,2,1,521,Potential Loyalists
6501e5470f5d8d0ed1b7f4c67bb40711,157,1,0.0,4,2,1,421,Potential Loyalists
65084018146e778ef88e167df944f9b7,102,1,43.0,5,2,2,522,Potential Loyalists
6517822823bf509a5dd294d5cd69a829,175,1,135.0,4,2,4,424,Potential Loyalists
651cd1b09c19982ff7e2174ff41ff18c,67,1,0.0,5,2,1,521,Potential Loyalists
6537bbbfb2b8169a6f5f87a004fc28c3,59,1,79.99,5,2,3,523,Potential Loyalists
654115cd862a4c18f7a3cfbeec04203c,36,1,0.0,5,2,1,521,Potential Loyalists
65641f92e86c91daeeca2ae0114ef703,73,1,49.0,5,2,3,523,Potential Loyalists
65ba82fb5dcc72c5c6fc38343a915798,161,1,0.0,4,2,1,421,Potential Loyalists
65be6248a39942f9ab10da91280e2576,66,1,41.47,5,2,2,522,Potential Loyalists
65c1c2f858a33b3ff79f436724c4c79a,167,1,109.9,4,2,4,424,Potential Loyalists
65ceb15a2636b04807d38a677d6877c1,106,1,6.9,5,2,1,521,Potential Loyalists
65dc7b434112b1871ffba93a74a65b5d,77,1,119.0,5,2,4,524,Potential Loyalists
65e5aaf9f721945f29cdba45c206cb83,54,1,24.99,5,2,2,522,Potential Loyalists
65e8c7293cc88e583349d380eb9c5be1,203,1,109.9,4,2,4,424,Potential Loyalists
65ee274b862c5c053367be8a70dbc029,119,1,89.49,4,2,4,424,Potential Loyalists
65f09b1e943693e398708c009e3da512,80,1,69.9,5,2,3,523,Potential Loyalists
65ff65476364f61bb41f6c7fb47d623c,185,1,79.99,4,2,3,423,Potential Loyalists
66026cfe6ed4aeae90c27f9e1ef2e857,127,1,24.99,4,2,2,422,Potential Loyalists
6608c37202accfe3cda3fca4c8a16062,43,1,320.0,5,2,5,525,Potential Loyalists
663b40289adae2333137d8db825cf81f,129,1,139.99,4,2,4,424,Potential Loyalists
663cb908e7dfa34193fa1bbfe3a193e4,39,1,0.0,5,2,1,521,Potential Loyalists
664770508f06c0c2fa1c37fed04a6dd7,69,1,0.0,5,2,1,521,Potential Loyalists
6659cdf2397f169f0887c503fdacd408,105,1,89.9,5,2,4,524,Potential Loyalists
66651cb1e94c5a4a6c080e415f425c3b,84,1,45.0,5,2,2,522,Potential Loyalists
666cc07c716fe875d62948482eff6209,168,1,412.0,4,2,5,425,Potential Loyalists
667c838d8f300a813a0059fc8b46ab29,166,1,45.0,4,2,2,422,Potential Loyalists
6682581c8fa800c2b0de2b735bb07a5e,36,1,39.97,5,2,2,522,Potential Loyalists
668f76ea8fa5d0f459e6a15d8d55ac63,186,1,139.8,4,2,4,424,Potential Loyalists
66980c3775537536f77b434d74e520f5,173,1,40.0,4,2,2,422,Potential Loyalists
66a2199c05159203014883cc0d3cf33f,147,1,110.0,4,2,4,424,Potential Loyalists
66b1d7f471c8c9e8d9f9f624d6962aff,47,1,0.0,5,2,1,521,Potential Loyalists
66b55decbf390d6836d0ff2acf5fe8e7,65,1,159.8,5,2,5,525,Potential Loyalists
66c70ed7726abccfbee61a9a39de15c5,144,1,0.0,4,2,1,421,Potential Loyalists
66ec6064474809fb4a00623afd86bacd,94,1,0.0,5,2,1,521,Potential Loyalists
670985cbdebdcec66895cb9945fc3de1,169,1,832.4100000000001,4,2,5,425,Potential Loyalists
67172368edf401478f187d09180a1671,64,1,94.95,5,2,4,524,Potential Loyalists
6718f697c176b0151a1fce3d0ba419b6,189,1,29.98,4,2,2,422,Potential Loyalists
67228461aa3f91b2511b439d74ad353d,122,1,0.0,4,2,1,421,Potential Loyalists
6726866c9e7dbbac4a4954417a5e6149,37,1,108.9,5,2,4,524,Potential Loyalists
67290cb3c52701d36b0864decde52e26,99,1,55.0,5,2,3,523,Potential Loyalists
6740f8899f3c70b5b08b2e0bad37e567,65,1,67.99,5,2,3,523,Potential Loyalists
6747886441389831020c1833d24b162f,92,1,160.0,5,2,5,525,Potential Loyalists
6752250a97692ea4e4375a1e6c11a64f,52,1,28.99,5,2,2,522,Potential Loyalists
6752e46d4f28ebc4d783b203b9cc232d,40,1,379.99,5,2,5,525,Potential Loyalists
675a8d2a984ea6f86cc5c2d1a45211b0,136,1,0.0,4,2,1,421,Potential Loyalists
6776ae9432a76cace1d54a6fd1abcc57,143,1,0.0,4,2,1,421,Potential Loyalists
677e8fb8d35d03be1fd8fd461c60a1cf,42,1,64.99,5,2,3,523,Potential Loyalists
677f15bcada4a99f87e743927803a3a4,120,1,0.0,4,2,1,421,Potential Loyalists
67864845a751540781a1bb2dd2e1ab1c,34,1,49.99,5,3,3,533,Potential Loyalists
67a055e65bcf75362f81b7141ac2eed2,194,1,45.0,4,3,2,432,Potential Loyalists
67afc527d425b15d2430bc63ae211f1e,101,1,149.9,5,3,4,534,Potential Loyalists
67b05b597a66b5c449025000b9430abb,135,1,0.0,4,3,1,431,Potential Loyalists
67bddde1844b238fe25995cde1612b4e,147,1,53.9,4,3,3,433,Potential Loyalists
67c069b1347ff0bfea48b5035a0153da,29,1,179.9,5,3,5,535,Potential Loyalists
67e01e8409e5b0735a24e54759195613,151,1,79.99,4,3,3,433,Potential Loyalists
67f4b6b9207056736278adddf407f417,159,1,69.9,4,3,3,433,Potential Loyalists
67f7d267931d6b466c95818318da0cb5,93,1,45.0,5,3,2,532,Potential Loyalists
68041dc76662fa5c940d7869f110b844,35,1,39.89,5,3,2,532,Potential Loyalists
68095fcd29e56af20457143f1bb15b79,32,1,329.9,5,3,5,535,Potential Loyalists
6809aa2f1ac30ca945cc05e73aa99e18,197,1,219.0,4,3,5,435,Potential Loyalists
682c852f2cb77efab552e07564d6dba4,167,1,169.99,4,3,5,435,Potential Loyalists
682d203efdcf95d2036a7430a8f32c96,164,1,178.99,4,3,5,435,Potential Loyalists
6845b26cd877899e09fe743ab15c1a63,42,1,0.0,5,3,1,531,Potential Loyalists
68493c02b683379ffe0c1cca19af6889,88,1,155.0,5,3,5,535,Potential Loyalists
685bec4bfe814f798ac29b3590134b38,152,1,0.0,4,3,1,431,Potential Loyalists
68667861acbf4ec0e980b6a3933d489c,78,1,348.0,5,3,5,535,Potential Loyalists
6869d6527fe0004e8a9ec53cbf220531,86,1,279.8,5,3,5,535,Potential Loyalists
687d9299d0ff57790aa49a28d7240b93,31,1,169.0,5,3,5,535,Potential Loyalists
687e023f28ba71f085104c1339b798fe,30,1,28.0,5,3,2,532,Potential Loyalists
688bb6776d5f885e4b46d4c4bac240c2,81,1,42.99,5,3,2,532,Potential Loyalists
68954feaafe4dd638f3bd3e2afa174ec,190,1,0.0,4,3,1,431,Potential Loyalists
68baebb3102cf89a3f2979019e77fb54,129,1,152.9,4,3,5,435,Potential Loyalists
68bce5b75e8dd23c39daeffa0aa28732,137,1,34.9,4,3,2,432,Potential Loyalists
68c625b679a25e1bc7dfa1c14ae3a992,78,1,0.0,5,3,1,531,Potential Loyalists
68ca4469a590f62a686d835f07f91f67,190,1,160.0,4,3,5,435,Potential Loyalists
68f9f23ba578b597c5ae0573a2a72b02,87,1,259.0,5,3,5,535,Potential Loyalists
6908e4e7bfeb7c99bc98f93ead3528cb,149,1,0.0,4,3,1,431,Potential Loyalists
690ec510bf4201426e227f92a5581725,98,1,112.99,5,3,4,534,Potential Loyalists
690f0991927602fa4dbe5cb1fea83794,86,1,45.9,5,3,2,532,Potential Loyalists
691c66d5f2b54a03a95e2fb59c83ef18,202,1,499.9,4,3,5,435,Potential Loyalists
69396490c66383feb185b18b41e94bfb,178,1,0.0,4,3,1,431,Potential Loyalists
693e69e38b0f16016c415e85ae4565ee,107,1,195.0,5,3,5,535,Potential Loyalists
6940ba069c2c25350ea9e059b35d7d23,155,1,1148.0,4,3,5,435,Potential Loyalists
696890a000395749a190726ee5b9855e,48,1,135.65,5,3,4,534,Potential Loyalists
6985e81d9007fa0eac3c04a9752efd6c,44,1,0.0,5,3,1,531,Potential Loyalists
6997203fd4a74d9a77873d482b8004b6,146,1,190.0,4,3,5,435,Potential Loyalists
69abb26d2334dc4f4c622b76a5f4f3e9,170,1,59.99,4,3,3,433,Potential Loyalists
69ae560f1f5448b1c3b9ae3e619808af,34,1,99.8,5,3,4,534,Potential Loyalists
69eee323aa549b444026553c25e378ba,58,1,97.5,5,3,4,534,Potential Loyalists
69f2934ad8b50cc05587a94cc7d68fc9,199,1,99.9,4,3,4,434,Potential Loyalists
6a0a549e7d20a02c112dc6be0c395a51,42,1,199.0,5,3,5,535,Potential Loyalists
6a140ba4cf08e0d893b81b5ec7264d86,93,1,0.0,5,3,1,531,Potential Loyalists
6a34ee4ea650624a9754fbdc99fdd356,126,1,119.9,4,3,4,434,Potential Loyalists
6a4060fb7ba4fdab5ca85e0d7ac38e00,174,1,120.0,4,3,4,434,Potential Loyalists
6a40f754c2e8908ff6d13430e6342c29,170,1,44.8,4,3,2,432,Potential Loyalists
6a4198de80204cda3d91dc2abf851a5f,178,1,198.0,4,3,5,435,Potential Loyalists
6a583f4c6790a4c8330beb7612e17f42,136,1,107.8,4,3,4,434,Potential Loyalists
6a6a7141119ceaeca4dfbae7a580a515,130,1,24.6,4,3,2,432,Potential Loyalists
6a875e0207d93e4c06f193810c6c2cd0,156,1,0.0,4,3,1,431,Potential Loyalists
6a9df708d47e061c4c4c8d955a93cb81,115,1,69.8,5,3,3,533,Potential Loyalists
6a9e15d6fa8ce1cabf193c21aa577f64,47,1,119.80000000000001,5,3,4,534,Potential Loyalists
6aa7deb42c5d2e412a9027d0202e0fea,134,1,19.99,4,3,2,432,Potential Loyalists
6ac343dfa1f2e45a71fd588c764ff8e5,146,1,99.9,4,3,4,434,Potential Loyalists
6ac52814155aa5b8da64bb30a14c6b3b,124,1,25.0,4,3,2,432,Potential Loyalists
6ad430c5fac5e72b42f74af4ad7e98f3,185,1,199.6,4,3,5,435,Potential Loyalists
6ae6900d06a60bd54a3f4abe432af382,144,1,21.9,4,3,2,432,Potential Loyalists
6af40347f5dd7bdd65437a35e1b2fa7b,110,1,175.99,5,3,5,535,Potential Loyalists
6b0c568efa39d9923961096ab40d3ed9,169,1,13.99,4,3,2,432,Potential Loyalists
6b11061762a537f7775a5a6bca7d000c,113,1,109.9,5,3,4,534,Potential Loyalists
6b1accda38fc6c15f411ddcdd8a109ac,191,1,270.0,4,3,5,435,Potential Loyalists
6b22f90696d11798825c886cdb59bbfc,98,1,239.0,5,3,5,535,Potential Loyalists
6b4e8c5f7ca346e38498de7c1a96564e,94,1,0.0,5,3,1,531,Potential Loyalists
6b63a2e5513636acaf0d921a3218c398,187,1,0.0,4,3,1,431,Potential Loyalists
6b6b815f43f5bb5de08a22bfd1826357,46,1,0.0,5,3,1,531,Potential Loyalists
6b7aef98835928c0e5483ff155dfbe59,149,1,110.32,4,3,4,434,Potential Loyalists
6b80cc7d77cb61e543f86463c3437a96,188,1,0.0,4,3,1,431,Potential Loyalists
6b84645f298f7887a23a74d91771a9e7,64,1,105.0,5,3,4,534,Potential Loyalists
6ba5b2dcb81470882212da717a171539,43,1,268.96,5,3,5,535,Potential Loyalists
6bb3958ca870c584b84bba1673bdec0e,200,1,54.9,4,3,3,433,Potential Loyalists
6bd06f958324c634ad8995ed4a17701b,50,1,0.0,5,3,1,531,Potential Loyalists
6bfc0d51218c164f5d11916e1a102931,147,1,63.9,4,3,3,433,Potential Loyalists
6c16357cbf6bf0accb997cbff9030507,164,1,39.8,4,3,2,432,Potential Loyalists
6c1e77450766afe18d4a99135d322d89,170,1,0.0,4,3,1,431,Potential Loyalists
6c20a0d058797463344295d2df549503,124,1,199.0,4,3,5,435,Potential Loyalists
6c2164340dc1c8dc89bf7b71d22b384b,97,1,49.99,5,3,3,533,Potential Loyalists
6c3974f2a296fbcb0aa071279dbf6f24,59,1,0.0,5,3,1,531,Potential Loyalists
6c4e5fafa5368d585420a705b9582df5,81,1,158.9,5,3,5,535,Potential Loyalists
6c5c77a50c55187a74295b4aee84b778,136,1,44.9,4,3,2,432,Potential Loyalists
6c5ce6b9d419df2b111d90a6e85a10d6,94,1,108.9,5,3,4,534,Potential Loyalists
6c734067f6c8d999e1a32f368fd70f13,197,1,59.8,4,3,3,433,Potential Loyalists
6c942da68785707924e6c8696b6b63d0,108,1,39.9,5,3,2,532,Potential Loyalists
6cbe8a392b76916e84c2faf69d0d0da0,53,1,179.0,5,3,5,535,Potential Loyalists
6cbfcc29787035834a40a46f5898436a,130,1,180.0,4,3,5,435,Potential Loyalists
6cd4f9f619a196f16b771eaf368838ec,134,1,199.0,4,3,5,435,Potential Loyalists
6d053f472a670c33c21c012f7c72c4cc,37,1,54.9,5,3,3,533,Potential Loyalists
6d06d8848091c6055d728ba3ec366536,115,1,190.0,5,3,5,535,Potential Loyalists
6d27e708580f5c26ca2282eaf9b9d7c0,99,1,389.99,5,3,5,535,Potential Loyalists
6d2a77a5ce09274a069d85de67e3fd37,144,1,29.0,4,3,2,432,Potential Loyalists
6d365ab4dcdb48ff5d4aa90305671388,103,1,159.9,5,3,5,535,Potential Loyalists
6d47c2341b395b7e0294d8692016f6de,101,1,49.9,5,3,3,533,Potential Loyalists
6d5bdbc8e32dd02fa1d2fa4250625af3,168,1,0.0,4,3,1,431,Potential Loyalists
6dbcc57be1cead7be989aa72dc7f44ca,151,1,49.9,4,3,3,433,Potential Loyalists
6dcb0c21a4e1e207bc0b9c83cec17550,162,1,69.9,4,3,3,433,Potential Loyalists
6de77ffc3e5e321221ec0c1740a0503e,135,1,35.9,4,3,2,432,Potential Loyalists
6df2dbb5ec4a3c72ffc716d264b4b425,186,1,18.0,4,3,2,432,Potential Loyalists
6df4dbb9f375adc16b7590e6ef377ad9,54,1,178.9,5,3,5,535,Potential Loyalists
6e0e3c6485417542b5e5dc80dd6139d4,198,1,109.9,4,3,4,434,Potential Loyalists
6e0f2c0fc90a81d749a08d92c584d746,108,1,119.0,5,3,4,534,Potential Loyalists
6e3a167b6908386aaff774280e6eb1cb,59,1,45.95,5,3,2,532,Potential Loyalists
6e4df650faf2c070fc5cbc95efd6c01a,27,1,49.0,5,3,3,533,Potential Loyalists
6e51ea75bd6da3501b562b9342ab1be9,185,1,21.9,4,3,2,432,Potential Loyalists
6e7a7fc98051aec20afe0f4559e3c114,84,1,91.99,5,3,4,534,Potential Loyalists
6e94cdf4b593972f9d558b3d0c036851,126,1,0.0,4,3,1,431,Potential Loyalists
6ea03cf508c8426284b647626ae5dafd,117,1,149.9,4,3,4,434,Potential Loyalists
6eb9314151358fa3229b370c00fa289d,146,1,72.5,4,3,3,433,Potential Loyalists
6ec200381dad398e733da3d5144822ba,184,1,195.5,4,3,5,435,Potential Loyalists
6ec75d7e0032c13ab96440fa90cab1fe,32,1,84.0,5,3,3,533,Potential Loyalists
6eccf0b182b0c42edab6941a4ccfa71e,95,1,0.0,5,3,1,531,Potential Loyalists
6ee9dd7a3a539c1ae0b9ee5c9a29961c,104,1,0.0,5,3,1,531,Potential Loyalists
6f070c196a22f70ff35e9a2fb5f94b47,53,1,139.0,5,3,4,534,Potential Loyalists
6f271277858b64b0630d6ca16f16721f,199,1,86.9,4,3,3,433,Potential Loyalists
6f3f49fc855f386bf0f737c9d84995dc,170,1,58.99,4,3,3,433,Potential Loyalists
6f453891a4b53a9c39319eb4e817aa18,99,1,102.6,5,3,4,534,Potential Loyalists
6f5c52ea47e32b73958b0ac0f3c34e88,117,1,14.49,4,3,2,432,Potential Loyalists
6f7c6c8b6f6589599907dae484d21d54,40,1,139.9,5,3,4,534,Potential Loyalists
6f90f04011f53535e2ed7add0e6e9775,37,1,18.0,5,3,2,532,Potential Loyalists
6f9fe132662ed65ec152e96b16afe7c0,136,1,0.0,4,3,1,431,Potential Loyalists
6fddad01fc95963a667e3d96d751d051,61,1,189.96,5,3,5,535,Potential Loyalists
6fdea157b64e36e7d70e7c4676e093fb,34,1,0.0,5,3,1,531,Potential Loyalists
6ff438d434f5af7a2f4b23a22d96ec69,171,1,0.0,4,3,1,431,Potential Loyalists
700e0d1f54a4261d5c8f5a310585cb23,63,1,59.99,5,3,3,533,Potential Loyalists
701cc8b09ef60639fe6a1ae73521bdbd,148,1,49.0,4,3,3,433,Potential Loyalists
7030164c13386d397107bfdf15f3814f,47,1,78.0,5,3,3,533,Potential Loyalists
703a092c0c6166785ec31de84c4f8e68,72,1,0.0,5,3,1,531,Potential Loyalists
703de7778ea5cd9833cb1b06ab6d0b7d,181,1,0.0,4,3,1,431,Potential Loyalists
706c6cfe5101366f274a332a11671fa2,155,1,76.32,4,3,3,433,Potential Loyalists
7070c35ed018dc5904ff5f0e90ef964e,110,1,129.97,5,3,4,534,Potential Loyalists
70734fd0582006e6fb57918f2610f818,98,1,35.0,5,3,2,532,Potential Loyalists
708976af642e89528bcb19b3e72b4152,51,1,149.9,5,3,4,534,Potential Loyalists
709c4c5ec8924ff8c85de5801b65458b,35,1,44.64,5,3,2,532,Potential Loyalists
70c8e7826c40ea4a5824b23c80e71aa0,167,1,122.99,4,3,4,434,Potential Loyalists
71150730b022797afd6a487820125da0,63,1,1450.0,5,3,5,535,Potential Loyalists
7116e5cd7a02545640934ef0d25a5bb7,39,1,301.17,5,3,5,535,Potential Loyalists
7141f12f335b30c6d8ca881d9f330c69,64,1,480.65,5,3,5,535,Potential Loyalists
71570c9b76f11df814726260cf634fb8,56,1,679.0,5,3,5,535,Potential Loyalists
71692b73230707ce0f95d8a6091c22b4,42,1,330.0,5,3,5,535,Potential Loyalists
718035a1435a427d46fd383caa59feb2,46,1,78.9,5,3,3,533,Potential Loyalists
719d6809c98139e57fbd97b39a14d2fe,131,1,75.9,4,3,3,433,Potential Loyalists
71c01cf9bd1ccff14bc8bb79ea9ff4cb,86,1,0.0,5,3,1,531,Potential Loyalists
71df4133a5dbdc2f6db175f7cd3f8d10,43,1,59.9,5,3,3,533,Potential Loyalists
71e35fc907ca26918c355f8297d3660e,155,1,99.9,4,3,4,434,Potential Loyalists
71e44a3c0131f63b658da791bbeeba1c,155,1,109.9,4,3,4,434,Potential Loyalists
71f545b9f6343c56082214728419c637,45,1,128.7,5,3,4,534,Potential Loyalists
71f63b438b7f08f55cf7afc5e4eda1b7,156,1,92.34,4,3,4,434,Potential Loyalists
71fc6a8faee5a414d80feac6ea0e7976,43,1,535.6999999999999,5,3,5,535,Potential Loyalists
721753e3cd58abfc617b532d19ee7ea8,46,1,54.9,5,3,3,533,Potential Loyalists
72266f20c4be9cfe463262b3d7b1a9c5,62,1,980.0,5,3,5,535,Potential Loyalists
7247c7024156fa355889f76ce22b3d2c,138,1,118.0,4,3,4,434,Potential Loyalists
72635a55dfa99b570cb2d2e3e6477737,142,1,89.9,4,3,4,434,Potential Loyalists
727fd1637068f738000769f328ccbe4c,81,1,198.0,5,3,5,535,Potential Loyalists
72a8db02910cbf460af32e7d5f8b12dc,71,1,0.0,5,3,1,531,Potential Loyalists
72abcd406bff5122c45828b69034479b,45,1,0.0,5,3,1,531,Potential Loyalists
72b1f9e1b8aa00c0be1d47006c3ab5f7,171,1,0.0,4,3,1,431,Potential Loyalists
72db16a48d2efe7052acbcd2ec0b209e,60,1,18.9,5,3,2,532,Potential Loyalists
72e1dc93036a4285eecdd76ae6465ef8,128,1,0.0,4,3,1,431,Potential Loyalists
72eaaf7ab48bd234c4ccab3d894b874d,193,1,0.0,4,3,1,431,Potential Loyalists
72ec26bf0abc8fe446cd95849276b127,105,1,89.99,5,3,4,534,Potential Loyalists
730bc97df4e3bb36de63041f329b9e87,159,1,47.9,4,3,2,432,Potential Loyalists
7321fa632feb9f59860bd048524ed14a,76,1,199.8,5,3,5,535,Potential Loyalists
7330a3475a2c65878c2c9b95266bef04,202,1,199.0,4,3,5,435,Potential Loyalists
7353be07ce9cac1da115dcc3a29c8794,24,1,0.0,5,3,1,531,Potential Loyalists
735dde9dccd9ec72098a553c6af2198e,88,1,149.9,5,3,4,534,Potential Loyalists
738ee47ca7799ec680527c31c73b7ef5,133,1,169.0,4,3,5,435,Potential Loyalists
73a99c7a2c8a5a9bd05bf0c2b88f6bbe,79,1,0.0,5,3,1,531,Potential Loyalists
73b8cd05f8b04f402a513776ed53f5e0,155,1,0.0,4,3,1,431,Potential Loyalists
73cb5bd8850865a23fc9c1593c17ce6c,141,1,189.9,4,3,5,435,Potential Loyalists
7406d803cb7dd818002ebe5073d41073,116,1,197.8,4,3,5,435,Potential Loyalists
740a097a2a05f072116ab70a9e8feca2,185,1,139.9,4,3,4,434,Potential Loyalists
7419850411a470c611c1a6d398c853aa,58,1,0.0,5,3,1,531,Potential Loyalists
74227720da00ed61ae3c6aaf20086a06,115,1,197.5,5,3,5,535,Potential Loyalists
742d11444e35206112494bbba88ab1ae,31,1,178.0,5,3,5,535,Potential Loyalists
74436a334d42f9516826a7c3c6d5b226,69,1,1280.0,5,3,5,535,Potential Loyalists
745cbae3ad0a811ab5cbf89c0ecdb280,61,1,59.9,5,3,3,533,Potential Loyalists
745e1490d4eb16895c8556c44973f64a,63,1,59.9,5,3,3,533,Potential Loyalists
747ea65052566eba93f2b81c6ca1a14e,181,1,166.94,4,3,5,435,Potential Loyalists
748e84169ace592af7a9bd3d01b47b4c,52,1,0.0,5,3,1,531,Potential Loyalists
74cb1ad7e6d5674325c1f99b5ea30d82,171,1,169.0,4,3,5,435,Potential Loyalists
74d9f662860f35a9b368151421f05fef,136,1,14.49,4,3,2,432,Potential Loyalists
74fe4e106702770ef728399ce5da503a,111,1,259.9,5,3,5,535,Potential Loyalists
74ffea658fa22ea2788b68b244e2a9de,84,1,46.99,5,3,2,532,Potential Loyalists
7508fcee150d3d55a1f0f2f590232de2,43,1,170.0,5,3,5,535,Potential Loyalists
7556f182460418cf30957e6ce377c674,192,1,42.99,4,3,2,432,Potential Loyalists
755751fa93cd2d53adcd3f55b2fcab3a,30,1,179.9,5,3,5,535,Potential Loyalists
757748a61826463bff1c7a8279ff6b1d,149,1,179.8,4,3,5,435,Potential Loyalists
7580e539c3d74ce5ff3946877db01dd2,37,1,0.0,5,3,1,531,Potential Loyalists
75c23d066292aeca5ccb1db8ff8bf883,175,1,139.9,4,3,4,434,Potential Loyalists
75e9ca5fea78afa5f2fb324d58593d64,100,1,175.99,5,3,5,535,Potential Loyalists
75f15790b1852b42b1dbf645d98ffa1c,129,1,99.0,4,3,4,434,Potential Loyalists
7611c1c57e281b24b0e4efb7b4962ac9,95,1,0.0,5,3,1,531,Potential Loyalists
7654cab075c80fb33eae26084f1f3e40,131,1,32.0,4,3,2,432,Potential Loyalists
7665839401a56c050110d34a0d86809f,68,1,149.0,5,3,4,534,Potential Loyalists
7673578e7356cac9672f6bb221bb29ae,148,1,199.9,4,3,5,435,Potential Loyalists
7688b172eb5a86c7470f5928e02d6e48,78,1,49.9,5,3,3,533,Potential Loyalists
768e9ed92dd4fe880672c8e90dc4f74c,192,1,161.7,4,3,5,435,Potential Loyalists
769c0ea95d3febeee4fed19038785cbf,106,1,39.99,5,3,2,532,Potential Loyalists
76a5a50d60701cb6feca23fe2f1fac40,129,1,0.0,4,3,1,431,Potential Loyalists
76a667726ee3009489d90d856bd8361c,84,1,0.0,5,3,1,531,Potential Loyalists
76aa828a180266cdd5d1b32bddae4047,129,1,0.0,4,3,1,431,Potential Loyalists
76c9a12722537319e44c31e70b7815c3,109,1,28.9,5,3,2,532,Potential Loyalists
76cf4cc60c7b6d6469c49e11e9b714dc,148,1,0.0,4,3,1,431,Potential Loyalists
76f283349c070c1520b14b89a6e00b7d,170,1,359.0,4,3,5,435,Potential Loyalists
76fe97f554dca5a3d157ee7ce9ccd414,201,1,13.9,4,3,2,432,Potential Loyalists
7704b4ee92be4fc9b92ec80163c45272,30,1,36.99,5,3,2,532,Potential Loyalists
77338b259868d54b539b0296b01fc635,24,1,22.6,5,3,2,532,Potential Loyalists
773be09978771b203928da3b2091ec2d,47,1,95.8,5,3,4,534,Potential Loyalists
7759c54d34055599a186594e01b57af1,96,1,187.0,5,3,5,535,Potential Loyalists
776f97a51344626338b5eefded4d3a98,194,1,21.49,4,3,2,432,Potential Loyalists
77a4b149542d3a21a4a8c02b9441220b,143,1,12.9,4,3,2,432,Potential Loyalists
77c213e10acbd145d50fcb035d0e86d9,178,1,88.0,4,3,3,433,Potential Loyalists
77d0352364404b096ab0509d4c841def,99,1,89.99,5,3,4,534,Potential Loyalists
77e4a907ae533160f3e5220d9d9084e9,48,1,127.5,5,3,4,534,Potential Loyalists
78074258b634884e20542b012106c6df,57,1,179.9,5,3,5,535,Potential Loyalists
78130fb0014a1ecce98e7faa41b6f06e,63,1,150.0,5,3,5,535,Potential Loyalists
7822407d4ff4275ce4e812b092cc1576,92,1,122.99,5,3,4,534,Potential Loyalists
7822781d569dd1dac902e6e411fa12d9,137,1,199.0,4,3,5,435,Potential Loyalists
7839f50558d5b6c21331887939c0f414,31,1,289.0,5,3,5,535,Potential Loyalists
785829119d434b68719c0a1edfeecf89,174,1,79.98,4,3,3,433,Potential Loyalists
788dec250d1d6b67eeb6e09a0fc69389,113,1,113.85,5,3,4,534,Potential Loyalists
789821d5e65b233b2986b190868b6cb7,176,1,412.0,4,3,5,435,Potential Loyalists
78b6dba3bb87b3f559105c4035b14354,131,1,0.0,4,3,1,431,Potential Loyalists
78dac225c9b06836121cb53fd0084ccb,123,1,79.9,4,3,3,433,Potential Loyalists
78fab739f967caf7f60c97a320f23261,53,1,38.0,5,3,2,532,Potential Loyalists
79093f1f5356ceced1473035e849be7c,165,1,99.9,4,3,4,434,Potential Loyalists
7912478cc830e7e59f8dda8b2712b555,93,1,364.0,5,3,5,535,Potential Loyalists
791e514ef3b42f9f341bfb09aa8b63a3,154,1,29.99,4,3,2,432,Potential Loyalists
79377f2dd1a1b92c1c06fba32f1bc1eb,185,1,19.9,4,3,2,432,Potential Loyalists
7937be50771f5a064440463094da5820,149,1,18.98,4,3,2,432,Potential Loyalists
793b11a5b927a84255954ed767754d1e,192,1,37.9,4,3,2,432,Potential Loyalists
79444cb5bb16964eea4c5abb2d3aa023,181,1,27.99,4,3,2,432,Potential Loyalists
794a542461efefc5e9f0aed3254cbba0,62,1,0.0,5,3,1,531,Potential Loyalists
79859e9f052a65854540f5ef5d4dbe6a,125,1,0.0,4,3,1,431,Potential Loyalists
79d8f35342ecea70787117a8861368e5,134,1,0.0,4,3,1,431,Potential Loyalists
79e12483f9b14c3254db94bd137a4b70,45,1,1349.0,5,3,5,535,Potential Loyalists
79f6bb4f638b4214ad8d62d60148a280,195,1,53.9,4,3,3,433,Potential Loyalists
7a34800f09bab795d73ccbaf597523cb,195,1,90.98,4,3,4,434,Potential Loyalists
7a43947421cb96e7abe1e0572ccac62b,167,1,0.0,4,3,1,431,Potential Loyalists
7a4593fd994912c840cf26a0ded104be,51,1,14.9,5,3,2,532,Potential Loyalists
7a4c7a21fd3aad6cc3dbffa5743d7b70,58,1,198.9,5,3,5,535,Potential Loyalists
7a548eb1c21b3a533989d19aecb7cb80,123,1,119.0,4,3,4,434,Potential Loyalists
7a58b4b37ece4d202545b0bf98a18efd,125,1,80.0,4,3,3,433,Potential Loyalists
7a670b6b2b72139db36206362bbf5140,149,1,69.9,4,3,3,433,Potential Loyalists
7aa39b5004216556ea3013c7ae23ba40,37,1,51.9,5,3,3,533,Potential Loyalists
7ab9d668d61c5b781832f05972a365a5,91,1,0.0,5,3,1,531,Potential Loyalists
7ac3e91ede8dfce385f63bb7f6967383,168,1,35.0,4,3,2,432,Potential Loyalists
7adb8d1197f85b403246c5c03fd3d221,102,1,148.0,5,3,4,534,Potential Loyalists
7adc15c4b9311265f52ff75519301a23,168,1,0.0,4,3,1,431,Potential Loyalists
7ade0a53f402457e6553c68ee945cfef,37,1,78.9,5,3,3,533,Potential Loyalists
7aedba48051dfe957b59e5d052c16f71,145,1,299.0,4,3,5,435,Potential Loyalists
7afcfd9fcdc57bc2266528bbfe55afbb,128,1,157.0,4,3,5,435,Potential Loyalists
7b06aa5473c44b8e05b9eeaea702f1a2,107,1,49.9,5,3,3,533,Potential Loyalists
7b2ce0e7101fcb721cc7e85d7f410520,179,1,59.9,4,3,3,433,Potential Loyalists
7b3c495cf64be8aa76ab93188c3dc386,130,1,139.6,4,3,4,434,Potential Loyalists
7b4fe29e3d988de4807aa54412e18366,188,1,93.98,4,3,4,434,Potential Loyalists
7b5e32f31022d46fd737bf47c0c376bc,39,1,295.0,5,3,5,535,Potential Loyalists
7b6ac9f73f821832a2271276076d5c04,188,1,90.9,4,3,4,434,Potential Loyalists
7b7f2abc7254900b25a419804ba82a30,124,1,75.0,4,3,3,433,Potential Loyalists
7b9c999cbf57b46a5f0f2cf8f652c3f4,128,1,245.0,4,3,5,435,Potential Loyalists
7ba1117f6db163e3bab9c57f8b2f08a4,52,1,29.9,5,3,2,532,Potential Loyalists
7ba26610e7bab91dd883e16865d6ea67,80,1,129.9,5,3,4,534,Potential Loyalists
7baaee8aafd5bba3b6263829676af496,194,1,50.9,4,3,3,433,Potential Loyalists
7bad183933c2afc589ac4f9e6b2537e1,57,1,69.5,5,3,3,533,Potential Loyalists
7bdf68ccc25fb82d8fa0dc1b6235cc75,37,1,109.0,5,3,4,534,Potential Loyalists
7be63f0ed4d9c76ed55844021da8d5e5,177,1,149.9,4,3,4,434,Potential Loyalists
7bea9fd3f21a7a4c2907a11d03f67deb,196,1,104.9,4,3,4,434,Potential Loyalists
7bf8aae1f297a6cf8573f9da5286435d,71,1,110.0,5,3,4,534,Potential Loyalists
7c0e2a8adb00075cb0e0bbc19175c878,161,1,69.0,4,3,3,433,Potential Loyalists
7c16801645ee95153e17bb6e061b57f1,114,1,0.0,5,3,1,531,Potential Loyalists
7c18bfb5f489ea04f8781758940b7798,100,1,222.3,5,3,5,535,Potential Loyalists
7c2077547e0d1560517823d9b30315c2,59,1,39.5,5,3,2,532,Potential Loyalists
7c4fe2c7eb362ded32e4d076e5c48e50,95,1,138.99,5,3,4,534,Potential Loyalists
7c74eafe37979f7cad43c4cae0769b74,162,1,159.9,4,3,5,435,Potential Loyalists
7c9413ff10fed052fb495b0ad0cec637,201,1,59.99,4,3,3,433,Potential Loyalists
7ca7d05c3739c2094a9e6d508877cd12,183,1,110.99,4,3,4,434,Potential Loyalists
7cacb8e960b2e07264dac972eb1acf29,177,1,18.75,4,3,2,432,Potential Loyalists
7caf7197bf231963249e66cb4ce875d5,66,1,65.69999999999999,5,3,3,533,Potential Loyalists
7cd747a15b6eb374e2706259c27e96a8,130,1,0.0,4,3,1,431,Potential Loyalists
7cdeefc6dd2959cb9202287174ca09ad,134,1,598.0,4,3,5,435,Potential Loyalists
7ce437bd982d7e69bae09a055b564893,191,1,370.0,4,3,5,435,Potential Loyalists
7cecee7f130941c470e112c8c9234e4e,49,1,89.9,5,3,4,534,Potential Loyalists
7cefed48f155073afe33b11d943adeef,158,1,19.9,4,3,2,432,Potential Loyalists
7cfba6e55439cae3fd2479d62fafe67f,102,1,119.9,5,3,4,534,Potential Loyalists
7d23932bed18bb15fea519d84389c3a3,54,1,49.0,5,3,3,533,Potential Loyalists
7d4c8f6ad946c29d7fe6500d6e7179ef,196,1,0.0,4,3,1,431,Potential Loyalists
7d7614482b7a72d2226a280f1d3c180c,30,1,39.99,5,3,2,532,Potential Loyalists
7d8299b25701f2676b473d4dd409283d,134,1,36.5,4,3,2,432,Potential Loyalists
7d8edfd1d3efadef19da57a63d21ed92,186,1,49.49,4,3,3,433,Potential Loyalists
7dc9f5b742ea9e6e4cff3ca5b1c8a78b,32,1,299.0,5,3,5,535,Potential Loyalists
7dd77892175c704aab875ba11e9d9948,79,1,48.0,5,3,2,532,Potential Loyalists
7dddd924d92a307ffa2261b855b4ac27,176,1,53.9,4,3,3,433,Potential Loyalists
7e0817d37d7dce9656abe2490b5b47cf,142,1,115.0,4,3,4,434,Potential Loyalists
7e222c2054b16d50c5c2e746d14dc313,37,1,0.0,5,3,1,531,Potential Loyalists
7e2f83fa75de1dc850d9a9d755a5ddbc,90,1,78.0,5,3,3,533,Potential Loyalists
7e49d5a69b6825991678c670e495f1b1,61,1,96.0,5,3,4,534,Potential Loyalists
7e5641367b72c03fbc85a214e150060f,197,1,159.0,4,3,5,435,Potential Loyalists
7e64f6ec6e52ccf5e45509b9949e0a28,111,1,24.9,5,3,2,532,Potential Loyalists
7e676e17afba65f46a52fdfb9f382d72,98,1,91.3,5,3,4,534,Potential Loyalists
7e7730c025f8195d40ac4d0050fcf37f,197,1,55.9,4,3,3,433,Potential Loyalists
7e77d2206e1198060426893237e14964,58,1,68.5,5,3,3,533,Potential Loyalists
7e7cb315f1552e0c390b5879c25bbc55,137,1,199.0,4,3,5,435,Potential Loyalists
7eb01375acdb31f459378ee720ab1121,59,1,74.99,5,3,3,533,Potential Loyalists
7eb01c1ef439cd15ed3a4cc601d15dd8,59,1,0.0,5,3,1,531,Potential Loyalists
7ebd452b586a9c80f3b3f02ad10b0fbb,166,1,0.0,4,3,1,431,Potential Loyalists
7ed8d1247cda7ef2b3a12039f941194e,180,1,19.9,4,3,2,432,Potential Loyalists
7edcd431e5217e39f6d9aed45385d3cd,132,1,40.0,4,3,2,432,Potential Loyalists
7efe82de6f73c5310774575c3065409a,66,1,35.9,5,3,2,532,Potential Loyalists
7f2eb9cf900070f2e7a7f0e95719f85b,161,1,0.0,4,3,1,431,Potential Loyalists
7f2f31754009560fbc58a01c26abb5a7,63,1,159.9,5,3,5,535,Potential Loyalists
7f3e8656011a9b8d6c12df5991ca69ff,79,1,38.0,5,3,2,532,Potential Loyalists
7f48c2671dde965a4017d66d1f8ef9b2,32,1,0.0,5,3,1,531,Potential Loyalists
7f6611fcb714cdefe7b41d8d7ff793d6,90,1,14.9,5,3,2,532,Potential Loyalists
7f78ef49a3ec6ff5ca63eb05bf82fefc,60,1,0.0,5,3,1,531,Potential Loyalists
7f8727dbee61eb0badcc8b6010aa46bd,147,1,0.0,4,3,1,431,Potential Loyalists
7f9c01a7507d983a18bd61104ad0f3ed,95,1,199.0,5,3,5,535,Potential Loyalists
7fa7ba885b03d2c06982d96ecbcddb0d,77,1,49.9,5,3,3,533,Potential Loyalists
7fcba42041eaec8f0b20ea6afdfe15df,147,1,56.99,4,3,3,433,Potential Loyalists
7fffdbfdb2ad76e8b7e3555c6520e0eb,175,1,17.0,4,3,2,432,Potential Loyalists
8031dbaed180f63387289db3223406f5,93,1,95.0,5,3,4,534,Potential Loyalists
803745e28953d4e624617873448f2118,81,1,299.0,5,3,5,535,Potential Loyalists
803c7901a46efc90aec32e744c008b4a,185,1,0.0,4,3,1,431,Potential Loyalists
8047663cc2501e282cbabfca268ecd60,55,1,39.99,5,3,2,532,Potential Loyalists
806208e553859c0d15bfad9869b82ab6,102,1,23.99,5,3,2,532,Potential Loyalists
806b0845600ffa2d9291fe036eb4caf3,132,1,90.0,4,3,4,434,Potential Loyalists
8070421f2403a1c13d1b4f38e4a76914,185,1,68.99,4,3,3,433,Potential Loyalists
80877462f1e8e7f01d9f953846dace4d,160,1,95.0,4,3,4,434,Potential Loyalists
809ef7517bef25761d1d8595dbd9db0b,129,1,25.99,4,3,2,432,Potential Loyalists
80c005e764b7eb039df094f0c3e22c70,200,1,59.9,4,3,3,433,Potential Loyalists
80e92ac8980c0466b0e312d53fdda748,102,1,0.0,5,3,1,531,Potential Loyalists
80f57b3b7146982298ace38333bc7361,107,1,20.0,5,3,2,532,Potential Loyalists
8141b3314eae4933d7029781cd8ee1c5,56,1,33.9,5,3,2,532,Potential Loyalists
816092f5825c3e2cdfdd4af546d4d04c,85,1,78.0,5,3,3,533,Potential Loyalists
8166ab68030fd04c8dc0de68122091ac,144,1,0.0,4,3,1,431,Potential Loyalists
81cfe11d1b667c768e77b6a9db5fe9b3,179,1,129.9,4,3,4,434,Potential Loyalists
81e4010e03542920c2ed6a9e4e818c5a,45,1,15.55,5,3,2,532,Potential Loyalists
81ec83db6df37d3fb8dea9143e1688a8,189,1,56.0,4,3,3,433,Potential Loyalists
8232307186e5914a3bcf85d23e5f447a,102,1,180.0,5,3,5,535,Potential Loyalists
82380b485ec5234cdd668f5531791200,185,1,590.0,4,3,5,435,Potential Loyalists
826303f32007dc49ba0fbf597caf80ec,139,1,110.0,4,3,4,434,Potential Loyalists
8279be4e9b2fbb615ace365178b785a0,76,1,84.99,5,3,3,533,Potential Loyalists
829eb0feec6f6c9951cba042e10c6960,133,1,174.99,4,3,5,435,Potential Loyalists
82af14f8016b232e088146dc208b60af,192,1,0.0,4,3,1,431,Potential Loyalists
82b6a2e2d907efea9282dc7aeff94c79,147,1,0.0,4,3,1,431,Potential Loyalists
82d328834d8318d50237978464defb0e,199,1,0.0,4,3,1,431,Potential Loyalists
82d3e8adcc5eaecb0594f0b20a105d93,127,1,249.0,4,3,5,435,Potential Loyalists
831a032a3327e2b8325faf9d37953870,132,1,270.0,4,3,5,435,Potential Loyalists
833921e810f165ecd4d84c15c656bd98,202,1,369.9,4,3,5,435,Potential Loyalists
8341951b6f798010a018acbb7ef8f0e2,97,1,36.9,5,3,2,532,Potential Loyalists
83795f9c6093934678c1ca1d1a943dda,178,1,69.9,4,3,3,433,Potential Loyalists
8381bb7c1a0fac1247790fff95b56df6,54,1,319.5,5,3,5,535,Potential Loyalists
839c363922615cf40c8fe20a1fe505b6,57,1,177.67000000000002,5,3,5,535,Potential Loyalists
83a5ba30a932fa199f0bb83557d3c1c4,138,1,0.0,4,3,1,431,Potential Loyalists
83aba9785dbb2e81044c9da5fa9e740c,182,1,118.0,4,3,4,434,Potential Loyalists
83ae3211482988043fe83d0231270370,85,1,0.0,5,3,1,531,Potential Loyalists
83becb81c1eece4f3d1f7898a775509e,190,1,98.0,4,3,4,434,Potential Loyalists
83ccefd1c66a787e7bd1be2601b558e4,95,1,93.9,5,3,4,534,Potential Loyalists
83e87d38981219b636282a1ae1ec7e8f,87,1,55.0,5,3,3,533,Potential Loyalists
83f6b0c43f9281884da6fb400b587207,69,1,39.8,5,3,2,532,Potential Loyalists
83f7218d5d9227877fc3cc94c8d76022,128,1,71.8,4,3,3,433,Potential Loyalists
84220a49722bfd4dbbee9b4d13516111,58,1,70.0,5,3,3,533,Potential Loyalists
8463acc278a8687036190453074efb4c,184,1,69.0,4,3,3,433,Potential Loyalists
84b30a3911cd816a291e320ec074edc8,183,1,199.8,4,3,5,435,Potential Loyalists
84b5012d933ff251917aa48ff80739f0,189,1,269.0,4,3,5,435,Potential Loyalists
84d416694948fd681e59f5c6fb216999,31,1,155.7,5,3,5,535,Potential Loyalists
84e15d7bf7388e7c3b6233f4076c3f43,85,1,399.0,5,3,5,535,Potential Loyalists
84e6344dba04579fafbfedb7e49957ec,173,1,149.9,4,3,4,434,Potential Loyalists
84e7f7ff867ca2ebcdbe1f789aa7d2f5,103,1,39.9,5,3,2,532,Potential Loyalists
84ff702056319d369f8a23d34511d388,168,1,69.9,4,3,3,433,Potential Loyalists
85030cd9eacad0c7d2d8e842e463bed2,170,1,168.9,4,3,5,435,Potential Loyalists
850e8006b4f239916012dfd4f9bdeb0e,119,1,0.0,4,3,1,431,Potential Loyalists
8533fef411165ea5df3fe583670a76cf,190,1,109.99,4,3,4,434,Potential Loyalists
853d372445d1207c07c8c08571734d1c,100,1,319.0,5,3,5,535,Potential Loyalists
85822dfcef7586733032bf270baeeb18,28,1,0.0,5,3,1,531,Potential Loyalists
85a3d153f16a1f00c32905725d1e3b81,189,1,529.0,4,3,5,435,Potential Loyalists
85ac3e23bde65bd5628fdd6f15db5295,155,1,107.8,4,3,4,434,Potential Loyalists
85c8172f9352ed5b515ae8cfe0315bfa,177,1,138.5,4,3,4,434,Potential Loyalists
85d234692f7bee8d6fea586e237334b6,135,1,45.0,4,3,2,432,Potential Loyalists
85dd6b4f5819c17f3694b42d01c64291,82,1,182.72,5,3,5,535,Potential Loyalists
85e315c0f8586e7c418345f113072d67,191,1,0.0,4,3,1,431,Potential Loyalists
8634c5c43008d9ce2a96eecaca8fe2fe,164,1,34.99,4,3,2,432,Potential Loyalists
8639374fa74fade3b0f3f5381297b88d,127,1,83.99,4,3,3,433,Potential Loyalists
864a5b24e1ab37fc69e0c35fbe4caed3,159,1,93.0,4,3,4,434,Potential Loyalists
864f8cca797b7b408151e0d723f14e54,146,1,59.58,4,3,3,433,Potential Loyalists
865dec7a34ed7880aef2046e4bdb0dbe,38,1,119.9,5,3,4,534,Potential Loyalists
86669cc06c6e824b3f2edfc2daef762e,84,1,49.99,5,3,3,533,Potential Loyalists
866950ac7c5063d4a102b0c2a20235c8,129,1,103.9,4,3,4,434,Potential Loyalists
8687a77031ee88331877a7094106865d,189,1,0.0,4,3,1,431,Potential Loyalists
86c784df61be3f1ad4d8d152011b956f,160,1,22.99,4,3,2,432,Potential Loyalists
86c8e33d547eea8ff5008a3a65a4aba2,152,1,100.0,4,3,4,434,Potential Loyalists
86d665d743ac6fc7a69c5f97c1264ea9,104,1,394.65,5,3,5,535,Potential Loyalists
870178bb663b22666c8baedee31cbabe,191,1,189.9,4,3,5,435,Potential Loyalists
870ae8be0413853f9fd9249043f82ba6,90,1,65.5,5,3,3,533,Potential Loyalists
872c12589f34508f4df8c0dbcc0988c0,163,1,28.49,4,3,2,432,Potential Loyalists
87405287e4eacd8bb0c09052e9c8ab73,65,1,25.0,5,3,2,532,Potential Loyalists
877841f6f8d1b6c71af462de5fd6011b,150,1,29.99,4,3,2,432,Potential Loyalists
8795d6c023a372a74a502635cc05bdb2,203,1,13.99,4,3,2,432,Potential Loyalists
87b4130d5349cb9c354d866c7f70cd23,203,1,25.0,4,3,2,432,Potential Loyalists
87d406e4698a66118241f1f4a407ee03,87,1,99.9,5,3,4,534,Potential Loyalists
87e69f05e13093d268cc2de1a3690318,41,1,0.0,5,3,1,531,Potential Loyalists
87e843365700cec571278edea904be15,109,1,99.0,5,3,4,534,Potential Loyalists
87f4ace763b404bb5ca765639d873a0c,35,1,16.99,5,3,2,532,Potential Loyalists
87facbc3109d4c7b5d0448b1b08c1fc3,166,1,81.99,4,3,3,433,Potential Loyalists
88011e4997978a92a1d851b267f0038d,177,1,98.9,4,3,4,434,Potential Loyalists
8819be7d0039db445ba2f771034bb1c4,27,1,0.0,5,3,1,531,Potential Loyalists
88209a02297aae6f114b143f8cfed278,158,1,48.9,4,3,2,432,Potential Loyalists
88279a2e6481f3d4ebcc364aae7986fc,143,1,33.9,4,3,2,432,Potential Loyalists
8837a3d0a8c6ca2e5db6316ff8685128,37,1,108.9,5,3,4,534,Potential Loyalists
883dc2fe8283fed1edf48c2f571d0aca,45,1,0.0,5,3,1,531,Potential Loyalists
885bde6cd101f111ebd417241a95230a,139,1,210.0,4,3,5,435,Potential Loyalists
8864fcd75870a545f2d3ee3008f2bf74,141,1,74.99,4,3,3,433,Potential Loyalists
887826043ad269ee33e87d1886e5ed5c,155,1,35.8,4,3,2,432,Potential Loyalists
8887cbd11065809b4530e2d25b51e856,132,1,108.9,4,3,4,434,Potential Loyalists
88894f059c62f3b3030445e7a73323c0,153,1,50.0,4,3,3,433,Potential Loyalists
889e20433bf76e2dba7d9a35c1ac4c47,31,1,57.98,5,3,3,533,Potential Loyalists
88b88849a236b3f007be551d5c10daf8,127,1,39.9,4,3,2,432,Potential Loyalists
88bde8f40f39641387aa05e675d23395,128,1,399.0,4,3,5,435,Potential Loyalists
88e3d3541666f7f462d24e9aadeb5ecd,163,1,119.9,4,3,4,434,Potential Loyalists
88fbae9cab186bb2bd7540d7fbaf6831,188,1,59.9,4,3,3,433,Potential Loyalists
892c5eac38f00a803fdd39e805f2944f,149,1,120.0,4,3,4,434,Potential Loyalists
8939cd9842c30470de2adf220eccbaab,129,1,30.1,4,3,2,432,Potential Loyalists
897df847354833789262d872ee1062d1,157,1,53.9,4,3,3,433,Potential Loyalists
8980ffc6947c84b3bee412e396bdc1f8,108,1,49.99,5,3,3,533,Potential Loyalists
898762bd9712febb89b2c54c50eee30a,193,1,21.9,4,3,2,432,Potential Loyalists
899cf723953922db9e04a8a6d4107041,179,1,0.0,4,3,1,431,Potential Loyalists
899e389a3cbc0dce0d5df23b9b64679c,30,1,44.9,5,3,2,532,Potential Loyalists
899f643cc5cac51380894b9bcea1787b,43,1,119.0,5,3,4,534,Potential Loyalists
89c82207f5240b591e568b72beab9337,101,1,22.5,5,3,2,532,Potential Loyalists
89e3027de49c3012858cfeb7f5a34f59,156,1,130.0,4,3,4,434,Potential Loyalists
89f999ca4a3527965db76038ffd4bcdd,51,1,812.99,5,3,5,535,Potential Loyalists
8a2f69d7b68cb74190e11e301caecb70,156,1,146.97,4,3,4,434,Potential Loyalists
8a318fa09ece1121143e69757b678343,101,1,0.0,5,3,1,531,Potential Loyalists
8a4002923e801e3120a11070fd31c9e2,182,1,199.8,4,3,5,435,Potential Loyalists
8a6f91a57c40b447d9814c5027108194,55,1,26.85,5,3,2,532,Potential Loyalists
8a8107952ac2366f408acf3e4d7e31dd,129,1,27.9,4,3,2,432,Potential Loyalists
8ac03172dc8e36a4c5e0b694ef3235aa,120,1,0.0,4,3,1,431,Potential Loyalists
8ae6abc914f89e000c298ce7e6324fec,178,1,0.0,4,3,1,431,Potential Loyalists
8af05f9f21aa83ea29eb90d9cbc3c996,36,1,24.9,5,3,2,532,Potential Loyalists
8af7c3e9ec5825a574bf03b2813eea29,81,1,89.0,5,3,3,533,Potential Loyalists
8b2094571b2615a94463402d27487ec6,143,1,0.0,4,3,1,431,Potential Loyalists
8b32e709ecfd2091fb82496f477b3480,186,1,30.5,4,3,2,432,Potential Loyalists
8b3d988f330c1d1c3332ccd440c147b7,179,1,0.0,4,3,1,431,Potential Loyalists
8b3f917f4307d3e5cf34c0b43d6e6f50,88,1,149.0,5,3,4,534,Potential Loyalists
8b4d9feb28e547c327fd4d2a295aeeca,158,1,139.05,4,3,4,434,Potential Loyalists
8b4e378f85633a53f78340e5692b8ba7,164,1,99.9,4,3,4,434,Potential Loyalists
8b66d8d6eecf85ba83bdc29383d636b6,87,1,169.99,5,3,5,535,Potential Loyalists
8b79c4656d14b2c341d6daa6637b5918,146,1,37.9,4,3,2,432,Potential Loyalists
8b7aa344740a3550cb5265ad33544964,166,1,0.0,4,3,1,431,Potential Loyalists
8b8028d453a01986b48c4271cc341475,43,1,116.9,5,3,4,534,Potential Loyalists
8bb74a9108cb059d9dd4fcfcf9035b97,123,1,35.9,4,3,2,432,Potential Loyalists
8bb9834649210152e6fb0a01c201651c,131,1,128.75,4,3,4,434,Potential Loyalists
8bcc84e0763714d1d9609f2047aaa93a,203,1,30.0,4,3,2,432,Potential Loyalists
8c12687aad88863f160627aa762e5422,123,1,199.9,4,3,5,435,Potential Loyalists
8c1a9f0c17eb22e956dcb66dde60f9d3,140,1,335.0,4,3,5,435,Potential Loyalists
8c60a63f751a4c744a3629ebf560041f,111,1,0.0,5,3,1,531,Potential Loyalists
8c710aad587dc8dac58e65611e625c62,142,1,110.0,4,3,4,434,Potential Loyalists
8ca35d717618d907babff962da6c5484,146,1,148.0,4,3,4,434,Potential Loyalists
8cd6f80d3c3994e2060d46ec07ff0b0a,81,1,0.0,5,3,1,531,Potential Loyalists
8ce10399d5a3b5d565a348ba4cdfad9c,46,1,51.89,5,3,3,533,Potential Loyalists
8ceb794ddc239eded512a791fc6a1fb9,111,1,48.0,5,3,2,532,Potential Loyalists
8cfc5350efe3bce6a0d6f96fbaf2c3b4,47,1,0.0,5,3,1,531,Potential Loyalists
8d06f1dd7e1ca6a1837e24c304b2726d,72,1,222.0,5,3,5,535,Potential Loyalists
8d2fa65d968da66afc05f2e28250c9dc,199,1,122.99,4,3,4,434,Potential Loyalists
8d391fbb0d67f85692e14f81e9b6d956,193,1,110.0,4,3,4,434,Potential Loyalists
8d3a01dad8496e7c850d5b3d580c8e90,157,1,349.3,4,3,5,435,Potential Loyalists
8d4579526cbb0bf83069597c9c27533d,93,1,449.9,5,3,5,535,Potential Loyalists
8d5f799945d96f307c8726415cb4decc,202,1,28.49,4,3,2,432,Potential Loyalists
8d83eaf05879f1f71dfb26f7027f1b74,163,1,198.0,4,3,5,435,Potential Loyalists
8d9a36e63029e760088d444d560f15ed,175,1,0.0,4,3,1,431,Potential Loyalists
8da4257624e455b4ade5076f589bf3c3,81,1,0.0,5,3,1,531,Potential Loyalists
8da796b2a21c4f0bfbcae79c8507bb1a,44,1,149.0,5,3,4,534,Potential Loyalists
8dc0d32543012e70ca0c0bc5535205f8,38,1,95.28,5,3,4,534,Potential Loyalists
8dde2ebb32007502979459f746fb1698,92,1,49.9,5,3,3,533,Potential Loyalists
8df948efd5c903f51e2b7353430700c3,53,1,120.0,5,3,4,534,Potential Loyalists
8dff0ffd4d3901995f7bb2c3ebe30608,101,1,378.0,5,3,5,535,Potential Loyalists
8e02f2db173adfe360ad90294cf5d412,164,1,119.0,4,3,4,434,Potential Loyalists
8e189d068ef04b5a5100820fcf317000,46,1,170.0,5,3,5,535,Potential Loyalists
8e2256168ae549437d667b583fd0be28,189,1,139.99,4,3,4,434,Potential Loyalists
8e617bc91e317b75f97f298bf526ecad,139,1,74.7,4,3,3,433,Potential Loyalists
8e61d2d055f4865036e7d62b6739c255,108,1,59.99,5,3,3,533,Potential Loyalists
8e6b5c75948260e7bd1ae31974379f7b,142,1,112.2,4,3,4,434,Potential Loyalists
8e83e406970bbb2ac55b2951bb855d32,156,1,199.0,4,3,5,435,Potential Loyalists
8ea097b1824dbd4d17af71b0afe04301,47,1,25.0,5,3,2,532,Potential Loyalists
8ec31beb5c890497f1872b5986d3cc26,139,1,175.0,4,3,5,435,Potential Loyalists
8ee6a26c817c3600f866d0bbd6ae4065,60,1,56.99,5,3,3,533,Potential Loyalists
8ef22961d84439c4f1f9f3d656c5c3d9,181,1,60.0,4,3,3,433,Potential Loyalists
8efe2ca61964c32fcd3d794ba929c10d,104,1,26.9,5,3,2,532,Potential Loyalists
8f0273ca8405a143a3b7feeea9be23b5,142,1,0.0,4,3,1,431,Potential Loyalists
8f29552df9b476c07d4e156dc53d38ce,56,1,78.0,5,3,3,533,Potential Loyalists
8f3383572884881b2925587225fea755,137,1,99.9,4,3,4,434,Potential Loyalists
8f7f547488a05660770b51be707eb2a3,31,1,85.99,5,3,3,533,Potential Loyalists
8fa5249534fd9822b86bcf2bd14318cc,161,1,117.7,4,3,4,434,Potential Loyalists
8fbfbef81eb19dbfa1f6ba6bf5924e4b,158,1,148.0,4,3,4,434,Potential Loyalists
8fd5fbfc9ee434a4fc3a5814953b0e08,93,1,50.0,5,3,3,533,Potential Loyalists
8fdb140ae29d78dfb483f86399cb2714,182,1,119.16,4,3,4,434,Potential Loyalists
90004c3fa8ebffdf4817be64731af364,148,1,29.9,4,3,2,432,Potential Loyalists
900d83525fd22c97abcefbfd657d8c24,136,1,59.0,4,3,3,433,Potential Loyalists
90149dae3857b44597744541030794a3,59,1,19.9,5,3,2,532,Potential Loyalists
901958bfdcc5d716ad357c6cdba5244a,197,1,429.9,4,3,5,435,Potential Loyalists
9039374bda410ee8513eca78503e2ab3,165,1,49.3,4,3,3,433,Potential Loyalists
905b36c57906227b872b352c1d6eafb6,121,1,49.9,4,3,3,433,Potential Loyalists
9075f7211578ba5165cbd7fb49947eba,29,1,0.0,5,3,1,531,Potential Loyalists
909bd964acc70a899c3804414f5fa70d,91,1,0.0,5,3,1,531,Potential Loyalists
90ddf4aaf6b0a83d203958f14dfd8234,135,1,39.99,4,3,2,432,Potential Loyalists
90e1f0d98aa33c74e43fb62004a829dd,168,1,149.0,4,3,4,434,Potential Loyalists
90e7187871a4e357daa425dc50d9b79b,106,1,33.9,5,3,2,532,Potential Loyalists
90e984b66a9a286e2434e1a08a9a23a3,130,1,0.0,4,3,1,431,Potential Loyalists
90fa7ad937baca6ece1dc81746af6adb,158,1,0.0,4,3,1,431,Potential Loyalists
9107708e80782c0f6ccc2b607f5f2a6c,51,1,0.0,5,3,1,531,Potential Loyalists
910928b04ad1ac577b9c81554ae01b05,69,1,0.0,5,3,1,531,Potential Loyalists
910c48f83f660a32562ecf2f1e5f4ae1,182,1,84.89,4,3,3,433,Potential Loyalists
91290d75cda8ff031ec6a97c5e5f83a1,188,1,799.9,4,3,5,435,Potential Loyalists
9160831db912b9fb5f89d075588d68a7,123,1,625.0,4,3,5,435,Potential Loyalists
9181f2d98576cd50d07143f36fbf3845,87,1,499.89,5,3,5,535,Potential Loyalists
918e31f72426c3202b507286882b7e6a,188,1,49.99,4,3,3,433,Potential Loyalists
91a8b965bb2d34b3e586844dc4a40d1b,161,1,19.6,4,3,2,432,Potential Loyalists
91abcfdbb59010e2836be302cea49bb9,155,1,49.9,4,3,3,433,Potential Loyalists
91b79823141cfe7ee5c66acb0b48aff0,47,1,0.0,5,3,1,531,Potential Loyalists
91dd3e913cf5d632ce605a3689a5126a,49,1,0.0,5,3,1,531,Potential Loyalists
91efc249c62720440837bcc4954de645,140,1,0.0,4,3,1,431,Potential Loyalists
9202421110f6a19ddcf0b9b93602a0a1,112,1,109.9,5,3,4,534,Potential Loyalists
921304187180808f410aba8fe524f13e,173,1,219.8,4,3,5,435,Potential Loyalists
923bbadc05e0de833a6ea5e3d546c4d0,156,1,280.0,4,3,5,435,Potential Loyalists
9263a6fc47a37b8b71cecfeb1defda4a,62,1,0.0,5,3,1,531,Potential Loyalists
926e3ac6b8dece3ece38d28f18d15bfd,65,1,39.9,5,3,2,532,Potential Loyalists
928c822f6eb7267fe1669503d1a24c89,43,1,0.0,5,3,1,531,Potential Loyalists
929c3cfa652a7cd6e243652984242b1b,98,1,24.99,5,3,2,532,Potential Loyalists
929c7ed1a0ca1152275bdcf4e6f0fbce,56,1,32.0,5,3,2,532,Potential Loyalists
929cca0da005b90ff84064609a25b805,97,1,209.99,5,3,5,535,Potential Loyalists
92a1c7d6529b0d56dd7d86c3f107678f,189,1,37.9,4,3,2,432,Potential Loyalists
92fbc23be50aff0204899b5516522eee,105,1,0.0,5,3,1,531,Potential Loyalists
932be2b0f01a39dfb24c2af8299a6e80,60,1,100.0,5,3,4,534,Potential Loyalists
932fdea469902e1012e36c4510356e66,197,1,0.0,4,3,1,431,Potential Loyalists
933185e32d51964d714e6cf19af7c9d1,78,1,0.0,5,3,1,531,Potential Loyalists
93360190b9375a40b65720ee99387a4a,174,1,97.0,4,3,4,434,Potential Loyalists
935b9c5a3162185f88dac06d8d08d623,140,1,102.0,4,3,4,434,Potential Loyalists
9361f66eb5cc5b3ae26947ad3363cbd2,46,1,197.38,5,3,5,535,Potential Loyalists
9362389b0141a14ba2ae3c5878abd9fe,56,1,82.99,5,3,3,533,Potential Loyalists
93805ba8be262fe253c4284751762866,126,1,49.9,4,3,3,433,Potential Loyalists
939ca75cff8baa5ad59c798097fdc81a,79,1,199.0,5,3,5,535,Potential Loyalists
93a6881526f5213eacfe7e057fcb38a0,181,1,530.0,4,3,5,435,Potential Loyalists
93b592cbb89abbda7dc554c39add344e,32,1,48.9,5,3,2,532,Potential Loyalists
93db776631b272d7fca708fe4eb790ca,175,1,79.9,4,3,3,433,Potential Loyalists
93f3172571913479f3cdbd041da2d3b1,148,1,0.0,4,3,1,431,Potential Loyalists
94066c043a965ce8a9b413e7e3fa8692,85,1,0.0,5,3,1,531,Potential Loyalists
941590fb8aef66b3a8352fe7c691879e,101,1,149.98,5,3,4,534,Potential Loyalists
94712531d11aaf8c9dd6732d10e46a7d,49,1,27.9,5,3,2,532,Potential Loyalists
947b3a5eba30546ed3c37e0c7f1bafc6,201,1,34.9,4,3,2,432,Potential Loyalists
94819c1119bcbb29d414ac33b904e82d,170,1,109.9,4,3,4,434,Potential Loyalists
9484cca8fd716e613bc1a0bb17ed0172,114,1,79.9,5,3,3,533,Potential Loyalists
9498e44851963cbd2eec39bb80e3f33e,104,1,0.0,5,3,1,531,Potential Loyalists
949b75abf6fdda78201547bf5f4c07f5,49,1,0.0,5,3,1,531,Potential Loyalists
94e3e2f4ff1bd3ba83d94f830df75ab4,98,1,190.0,5,3,5,535,Potential Loyalists
94f3234a77f2f5b239ab74865a193724,92,1,124.9,5,3,4,534,Potential Loyalists
94fd3be3efb7f99e4b29fbc55faa7a11,36,1,105.99,5,3,4,534,Potential Loyalists
951a6d4dc50443180d5e4f20f02693ad,32,1,23.9,5,3,2,532,Potential Loyalists
95258696e00ac71640c49bf140e86620,41,1,113.98,5,3,4,534,Potential Loyalists
95376669d92be6a7dcf0494e0b1d9917,95,1,0.0,5,3,1,531,Potential Loyalists
9565b6eb599caea334238cf517c2408b,54,1,85.0,5,3,3,533,Potential Loyalists
956abc21591ba4a89d91989597554b77,163,1,915.0,4,3,5,435,Potential Loyalists
956eadf2280a25c360ccfc7b42b21313,141,1,0.0,4,3,1,431,Potential Loyalists
957ba98dc871622946f935de75343edc,136,1,64.0,4,3,3,433,Potential Loyalists
959557dbcae7a894d8f61d484efc279d,78,1,27.9,5,3,2,532,Potential Loyalists
95a1b49d1b137fb8ee99a551369363d3,106,1,19.99,5,3,2,532,Potential Loyalists
95a1e94b0e816bb748d75ae1da8013e1,189,1,45.99,4,3,2,432,Potential Loyalists
95a34ff56c1b281831e7d4036b90c366,55,1,0.0,5,3,1,531,Potential Loyalists
95a4373b6e6b7b5c3ae6e69a19519f5a,179,1,0.0,4,3,1,431,Potential Loyalists
95aec963a6193f24401417870b648031,60,1,102.0,5,3,4,534,Potential Loyalists
95b621869cf337eac6bd9d42bf59c0c9,56,1,49.91,5,3,3,533,Potential Loyalists
95b91c055d768572e82f253201adf513,62,1,549.0,5,3,5,535,Potential Loyalists
95c5b79e9820d2570dde746906d1644a,198,1,22.9,4,3,2,432,Potential Loyalists
95cdf97b27ee968c78c00f794fba1adf,39,1,50.0,5,3,3,533,Potential Loyalists
95d1bde8cd74ef80c3680d189531d1f9,202,1,399.98,4,3,5,435,Potential Loyalists
95e854450814c0600dbd930cc927a83e,117,1,36.0,4,3,2,432,Potential Loyalists
95ef05d23244420ca3b63723517bf60d,146,1,99.9,4,3,4,434,Potential Loyalists
95ef4016879efb08f9a6f2a290e94df8,173,1,149.9,4,3,4,434,Potential Loyalists
9620623f9ea546719cb3cd99bbb879a9,101,1,609.0,5,3,5,535,Potential Loyalists
96210b5e060ddc56b30d2625dbade4cc,72,1,28.9,5,3,2,532,Potential Loyalists
9627e55290c60f562fa06f399ec6b82f,190,1,105.0,4,3,4,434,Potential Loyalists
9629571615597f3820713e054a195387,178,1,16.99,4,3,2,432,Potential Loyalists
963b5a699e9bba3b80c664365386e69d,100,1,60.0,5,3,3,533,Potential Loyalists
9655822fce78843a1c9fa79e6180346c,31,1,0.0,5,3,1,531,Potential Loyalists
966c7d4c0641a84e8385e7344018e3bd,115,1,65.0,5,3,3,533,Potential Loyalists
967a0b2176d10e4fff035035b224ee04,169,1,569.0,4,3,5,435,Potential Loyalists
96849dcfacea8dbb9bde85ef21dc06ce,80,1,49.9,5,3,3,533,Potential Loyalists
968ca7d54afbf973815b9d332584b825,183,1,20.0,4,3,2,432,Potential Loyalists
969cdc8af5b07074766e79c1e6d76c24,136,1,98.2,4,3,4,434,Potential Loyalists
969de71d3e19a266e7eefaeab10c527b,188,1,86.5,4,3,3,433,Potential Loyalists
96d3ea0bcd5244480b7ff75e849274ac,147,1,59.9,4,3,3,433,Potential Loyalists
96fd69e8b0df76a9a807b01dc82bef5b,170,1,122.99,4,3,4,434,Potential Loyalists
9705a67d7c80c572399ed29b112b3295,75,1,107.9,5,3,4,534,Potential Loyalists
970cab2431fe3ecdba987b0a2a5c54ba,136,1,379.9,4,3,5,435,Potential Loyalists
973f2fba63a7eb540f8860b0c75b63cb,84,1,149.0,5,3,4,534,Potential Loyalists
9743725ca6404a6e62af8588bd833c3b,88,1,24.9,5,3,2,532,Potential Loyalists
97486266dbd1e557a24a5044981c5a9e,56,1,0.0,5,3,1,531,Potential Loyalists
975fd7a50474637f35629c9f8028b093,116,1,0.0,4,3,1,431,Potential Loyalists
976e9c3a12631871a0f102cfa256dd75,40,1,0.0,5,3,1,531,Potential Loyalists
979243d8d465d002397d1e5febd19a31,69,1,0.0,5,3,1,531,Potential Loyalists
97a3b28926cd362da0d9d395c349a35a,132,1,0.0,4,3,1,431,Potential Loyalists
97a8c192968ddbded45b8fc64563ac3e,52,1,139.9,5,3,4,534,Potential Loyalists
97ac5fe4d72f6aaca9ec00719a576068,172,1,49.0,4,3,3,433,Potential Loyalists
97bea1bd851c66cb1b935ca5120c4fef,70,1,185.0,5,3,5,535,Potential Loyalists
97cce9cfd565d0c7710a453ee93e220d,40,1,0.0,5,3,1,531,Potential Loyalists
97d25181e5b9212f6b4c9c92c94dc120,123,1,150.0,4,3,5,435,Potential Loyalists
97dd5524d445fd04185c13245af4e173,109,1,15.19,5,3,2,532,Potential Loyalists
97e00e9db261b8a8d4ae6aebca9b7af9,84,1,34.9,5,3,2,532,Potential Loyalists
97e1761b97da48fb11d3c8e1ed9be8dc,27,1,39.0,5,3,2,532,Potential Loyalists
97f104e8e54ef4147d17fc1536a1482c,203,1,535.9,4,3,5,435,Potential Loyalists
9801a2c53e40c68803158742466ad09a,127,1,35.0,4,3,2,432,Potential Loyalists
980bce54f940bb95618bad4f0734f7dc,94,1,91.55,5,3,4,534,Potential Loyalists
981146523d8e000b77f1b136643bb776,26,1,155.0,5,3,5,535,Potential Loyalists
981434a709f694e96911faaa47eb2352,38,1,0.0,5,3,1,531,Potential Loyalists
9824bf31431205c6c2e87f32c0fd0258,92,1,24.97,5,3,2,532,Potential Loyalists
982f532d3e8e8177c57361a39d1b1492,161,1,49.99,4,3,3,433,Potential Loyalists
9835179d41a3cd33cf230e728fe85798,163,1,79.0,4,3,3,433,Potential Loyalists
984f5faacf22b85ec7492e3dcf26f1f6,122,1,45.9,4,3,2,432,Potential Loyalists
985af5bb63fa1d56ea5558469a527048,197,1,83.7,4,3,3,433,Potential Loyalists
9862ce221e3e2761a216c537d75d0256,110,1,399.0,5,3,5,535,Potential Loyalists
986d4433885f533fdcde85845bb9a39f,99,1,135.0,5,3,4,534,Potential Loyalists
987240c66392cc81f1a1fb47f54356b3,189,1,0.0,4,3,1,431,Potential Loyalists
987b693e3cf5a2dcd21f362a50d8f1b7,139,1,64.99,4,3,3,433,Potential Loyalists
98913af5f5f0060d8cf2f25f5bc8d767,92,1,0.0,5,3,1,531,Potential Loyalists
989318865f5926b953a92a75475e9d32,140,1,0.0,4,3,1,431,Potential Loyalists
98af3235f3dc55bc74cb8932c64b3523,151,1,102.9,4,3,4,434,Potential Loyalists
98c119f8f9c3bc5cce350b820bca3d43,50,1,35.0,5,3,2,532,Potential Loyalists
98d609d0160c8510c762a70ca0ed4c8e,85,1,66.0,5,3,3,533,Potential Loyalists
98d64cb8cf9878369a43bde681e16463,62,1,22.0,5,3,2,532,Potential Loyalists
98f314d32dfef1780dcb6a6dc3d81413,66,1,117.9,5,3,4,534,Potential Loyalists
99017f566137456809aa814be29cfe2f,87,1,47.9,5,3,2,532,Potential Loyalists
990302c82284e848fd5985e4f0c917ad,71,1,53.99,5,3,3,533,Potential Loyalists
9906d68107dde940843a1f3bbd3716ef,84,1,89.7,5,3,4,534,Potential Loyalists
993ee523f5ef786892a3d1166ba05238,134,1,145.0,4,3,4,434,Potential Loyalists
995fe9426f030109b1614044edaf46d9,175,1,159.99,4,3,5,435,Potential Loyalists
9976a6eff003bbc0280a428ed781f0e1,66,1,0.0,5,3,1,531,Potential Loyalists
99aa844e1dfbb94ee8ea9301de8cbe25,86,1,0.0,5,3,1,531,Potential Loyalists
99be275a1517effe1613cc37360c2b9a,178,1,32.9,4,3,2,432,Potential Loyalists
99d088ea6bb01bd16675ea4fab8a753a,148,1,71.3,4,3,3,433,Potential Loyalists
99d588adae1c418734eaa816bc1d29d3,198,1,27.9,4,3,2,432,Potential Loyalists
99f4235bb5deb521b806dc9e5d30e163,39,1,107.99,5,3,4,534,Potential Loyalists
99fd4c2c2a5e6ad80240df30afd7081d,161,1,89.0,4,3,3,433,Potential Loyalists
9a319f1eb77772538793b60e5834c1ca,193,1,0.0,4,3,1,431,Potential Loyalists
9a472b2130845c605e1581b58e27b504,39,1,220.64,5,3,5,535,Potential Loyalists
9a481c845f8bf3fb0b9f4520f11c353e,178,1,149.9,4,3,4,434,Potential Loyalists
9a6032bc6bbfbf84eb4d55660786ce17,198,1,49.9,4,3,3,433,Potential Loyalists
9a84c5a0f9cc7cf180789ceb14b11770,194,1,0.0,4,3,1,431,Potential Loyalists
9a8744d068311f65b559ae7a2ebbdeae,71,1,0.0,5,3,1,531,Potential Loyalists
9a9ae59e093bbdc9fe9199638cef2d92,203,1,27.9,4,3,2,432,Potential Loyalists
9a9badb989982a799ee01e6ae061c19a,161,1,58.0,4,3,3,433,Potential Loyalists
9a9ca2ba7c7df7918e058df64a36c739,89,1,119.99,5,3,4,534,Potential Loyalists
9aaa6812e0daefa1f7edd5f772297d2e,142,1,0.0,4,3,1,431,Potential Loyalists
9aae8213ff9bc04cc3ce48b85f43a173,116,1,158.0,4,3,5,435,Potential Loyalists
9ae6321b0e75c59cbac8fade4ef69544,143,1,189.99,4,3,5,435,Potential Loyalists
9af22c5b50d36322428116c8be953928,178,1,0.0,4,3,1,431,Potential Loyalists
9b07093dea2031813ecd083b03b63681,156,1,112.9,4,3,4,434,Potential Loyalists
9b11e010850a4045d2da80c7783fdbd1,106,1,3198.0,5,3,5,535,Potential Loyalists
9b1b3039181a4ab244ef97c27a825a26,158,1,89.99,4,3,4,434,Potential Loyalists
9b390e923bbf7e3edc2bcb93d8707355,175,1,112.0,4,3,4,434,Potential Loyalists
